anonymized_user_id,trade,skill_level,primary_language,preferred_hour,prefers_video,prefers_quizzes,avg_session_length,engagement_score,completion_rate,device_preference,network_quality
c3f362a24525e29c,farmer,intermediate,ta,8,False,True,107.0,1.0,0.0,android,poor
c8ed1f0a043bbc4c,electrician,advanced,gu,14,False,False,142.25,0.9,0.1,ios,poor
dbf493dccd4636dd,mason,intermediate,bn,12,False,True,139.55555555555554,0.98,0.041666666666666664,web,poor
3516f1f3a7e42108,artisan,advanced,mr,3,False,True,121.66666666666667,0.8,0.10526315789473684,android,moderate
2a986691bc8783cb,artisan,intermediate,hi,5,False,True,114.71428571428571,0.76,0.08333333333333333,android,moderate
2566d21fafc1d3e5,carpenter,intermediate,kn,1,False,True,199.2,1.0,0.038461538461538464,android,poor
cb618692e46d1db7,homestay_owner,advanced,kn,6,False,False,175.5,1.0,0.11764705882352941,ios,poor
93ce0bb109dfa40c,welder,advanced,te,11,False,True,152.88888888888889,0.96,0.022727272727272728,android,good
fb6a53a64a3f18b2,farmer,expert,ml,7,False,False,140.125,1.0,0.08163265306122448,web,moderate
5cf27518333e04b7,electrician,expert,hi,5,False,False,161.5,0.84,0.09523809523809523,ios,good
ad6a2c6bd93883c0,homestay_owner,expert,bn,14,False,True,143.0,1.0,0.1,web,good
46bac0e5340a5519,welder,beginner,hi,16,False,True,153.5,1.0,0.05084745762711865,web,moderate
e531dae7dafda82a,mason,expert,en,23,False,False,103.54545454545455,0.78,0.0,android,moderate
b06a7f73501171a6,mason,expert,te,16,False,False,186.0,1.0,0.058823529411764705,web,moderate
242fcd29395d92a6,welder,beginner,ta,10,False,True,104.0,1.0,0.02,android,poor
c5467706f47f6004,electrician,intermediate,ml,15,False,False,158.75,1.0,0.09433962264150944,ios,good
11aa319eb8c9a6b1,appliance_repair,advanced,gu,2,False,False,133.1,1.0,0.0,web,good
dbd31c947206a96c,electrician,advanced,ta,6,False,True,84.0,0.9,0.13636363636363635,ios,poor
aa4349a6e14ea6e2,homestay_owner,expert,mr,8,False,True,154.5,1.0,0.09090909090909091,web,moderate
850fc91bc05a98e1,farmer,advanced,bn,12,False,True,96.2,1.0,0.08888888888888889,android,good
44039f6c60690e09,mason,intermediate,pa,3,False,True,119.5,0.94,0.023809523809523808,ios,moderate
ba06afb217b2b2f5,artisan,intermediate,mr,11,False,True,160.2,0.9,0.045454545454545456,android,good
2d0d0836cf59e693,electrician,expert,mr,0,False,False,142.55555555555554,0.86,0.06976744186046512,web,poor
ddea96cb25130721,mason,expert,gu,15,False,True,194.8,0.92,0.09302325581395349,ios,poor
f0ecd0a4b0728c8e,mobile_repair,advanced,mr,12,False,True,180.0,0.84,0.04878048780487805,web,moderate
a64f957d12924679,farmer,expert,gu,9,False,False,151.33333333333334,1.0,0.07547169811320754,web,poor
a8e58a3be80432da,carpenter,intermediate,bn,7,False,True,204.875,1.0,0.01694915254237288,android,good
f4c448a6c47e4fbf,electrician,beginner,kn,12,False,False,159.8,1.0,0.1076923076923077,android,moderate
66f8c0b54b2d8afe,appliance_repair,beginner,te,1,False,False,79.5,0.82,0.05,ios,moderate
804b0c58021deada,welder,intermediate,bn,7,False,True,124.0,1.0,0.12727272727272726,ios,good
0f282e03d1138db2,homestay_owner,beginner,gu,22,False,False,115.5,1.0,0.041666666666666664,android,moderate
33b4e286a426c2cf,mobile_repair,intermediate,hi,20,False,True,154.5,0.96,0.0425531914893617,ios,poor
1ea2b90cecd26eba,plumber,advanced,ml,20,False,False,141.6,0.92,0.046511627906976744,web,good
0e2b4181a4d6dea4,plumber,advanced,ml,12,False,True,132.5,0.82,0.025,android,poor
5cf09e4bdfab1e54,mobile_repair,beginner,en,5,False,True,139.125,1.0,0.0847457627118644,web,good
2bc0fe983d6fb94d,homestay_owner,intermediate,gu,13,False,False,172.83333333333334,1.0,0.10204081632653061,ios,poor
547dd51521ac3798,artisan,beginner,ta,7,False,True,169.375,1.0,0.08,android,good
f099a0c03869169b,mason,beginner,gu,8,False,False,134.75,0.76,0.08333333333333333,web,poor
ad864d5778dcf9a0,homestay_owner,beginner,te,11,False,False,130.2,0.8,0.02564102564102564,ios,moderate
dffd2e734e405fb9,welder,advanced,kn,4,False,True,105.5,1.0,0.05,web,moderate
21f302905ce886d0,homestay_owner,expert,ml,13,False,True,168.25,0.98,0.021739130434782608,web,moderate
867fac1dcd804caf,mobile_repair,beginner,pa,18,False,True,196.75,1.0,0.08,ios,poor
5bcf7b954ee67499,homestay_owner,beginner,pa,10,False,True,178.55555555555554,0.88,0.11363636363636363,web,moderate
317d84b792f3e38f,carpenter,intermediate,te,11,False,False,111.42857142857143,1.0,0.10416666666666667,ios,poor
e5a8c522ab032c9f,mobile_repair,beginner,mr,2,False,True,126.57142857142857,0.78,0.14705882352941177,ios,moderate
7052c1d8cf35dd4a,plumber,intermediate,kn,14,False,False,87.25,1.0,0.06382978723404255,android,good
d5d38d1f5c1e3a75,homestay_owner,beginner,en,5,False,True,157.66666666666666,1.0,0.05660377358490566,android,moderate
3b23a386b24a03b3,farmer,expert,pa,5,False,False,156.0,0.98,0.0851063829787234,ios,poor
d286021aa025bb47,farmer,intermediate,te,14,False,False,114.66666666666667,0.94,0.06521739130434782,ios,moderate
fd0dd0848d68a79f,mobile_repair,intermediate,ml,8,False,False,92.16666666666667,1.0,0.10204081632653061,web,poor
5f030387f41cf497,mobile_repair,advanced,kn,8,False,True,129.0,1.0,0.05454545454545454,ios,moderate
8f20ee697ea8e118,electrician,expert,hi,14,False,False,197.44444444444446,1.0,0.16,web,moderate
809eba3ec37ee15a,welder,intermediate,mr,7,False,True,122.8,0.86,0.047619047619047616,android,moderate
3e8867d726cfe808,farmer,expert,pa,19,False,False,162.0,1.0,0.12,web,moderate
160f3beb96f60b3e,welder,intermediate,mr,8,False,False,100.4,0.96,0.1702127659574468,web,good
987379fe47f2603a,carpenter,expert,kn,4,False,True,71.5,0.8,0.02631578947368421,web,moderate
de2cf32553d71a45,homestay_owner,intermediate,pa,17,False,True,91.33333333333333,1.0,0.07407407407407407,web,poor
652e4e7ab2df403b,mason,advanced,en,8,False,True,141.125,1.0,0.02,ios,moderate
cf90b900d0a1b367,homestay_owner,beginner,kn,6,False,True,223.625,1.0,0.0,ios,poor
f516d52c9f51cdd0,electrician,intermediate,ml,5,False,True,184.25,0.74,0.027777777777777776,android,good
eec00b89a12437dd,plumber,advanced,bn,13,False,True,122.55555555555556,1.0,0.061224489795918366,android,moderate
cb44e72972b136d3,homestay_owner,beginner,kn,11,False,True,149.625,1.0,0.13559322033898305,web,poor
af0af7c51f46eaeb,plumber,beginner,pa,18,False,True,146.5,1.0,0.09615384615384616,web,good
5d253ae6b33f44cd,mason,expert,kn,18,False,False,73.75,0.86,0.11904761904761904,android,poor
857896237c872cb0,artisan,intermediate,mr,0,False,True,113.4,0.88,0.1,android,moderate
c6def6e4a63f9a5d,farmer,advanced,bn,22,False,True,119.72727272727273,1.0,0.09615384615384616,web,poor
ec55cb549b497d15,artisan,expert,hi,4,False,True,164.875,1.0,0.0784313725490196,web,good
627920c47c2075b6,artisan,expert,ta,21,False,True,222.2,1.0,0.10204081632653061,web,good
1d7197bedfecc7f1,welder,advanced,kn,21,False,False,193.33333333333334,0.86,0.15,android,good
615a7cfb96ce1f9e,artisan,expert,gu,1,False,False,138.85714285714286,1.0,0.043478260869565216,ios,moderate
0a1fc7233099ccfc,farmer,intermediate,hi,9,False,True,159.28571428571428,0.82,0.07692307692307693,web,moderate
860cbc75d2e1bd11,carpenter,expert,pa,5,False,True,149.125,0.86,0.07317073170731707,ios,poor
7c3fded08f5a713c,farmer,beginner,mr,11,False,False,179.41666666666666,1.0,0.0625,web,moderate
e308570ec8c74cbd,mobile_repair,beginner,pa,19,False,True,179.75,1.0,0.11764705882352941,web,poor
fe24c8ab7638f7d8,artisan,advanced,gu,22,False,True,157.625,0.88,0.09302325581395349,ios,poor
de48cbe849d4d8f3,appliance_repair,beginner,te,20,False,True,130.42857142857142,0.86,0.047619047619047616,android,moderate
679d65bbbc877d0d,artisan,expert,ta,7,False,False,111.6,1.0,0.09803921568627451,web,moderate
c2822e5da3d44d4e,welder,advanced,bn,10,False,True,153.0,1.0,0.05555555555555555,android,poor
28955d0bd180667e,artisan,beginner,hi,1,False,True,144.66666666666666,1.0,0.08163265306122448,web,moderate
2bc1e69f33e20c88,artisan,intermediate,ml,1,False,True,129.0,0.78,0.15789473684210525,ios,good
2f5debae53c22cc8,farmer,advanced,gu,0,False,True,165.5,1.0,0.019230769230769232,ios,good
ce5a5521a91fc040,plumber,beginner,pa,23,False,True,132.9,1.0,0.14754098360655737,android,moderate
2335a306a50041b7,artisan,intermediate,bn,21,False,False,148.9,1.0,0.1,android,poor
be6d472d0dc7e0d8,electrician,beginner,kn,13,False,False,148.625,1.0,0.10416666666666667,ios,moderate
121a3e3d4d21789d,farmer,advanced,ta,13,False,True,146.0,1.0,0.057692307692307696,android,moderate
1302da6a1d4b5a58,mason,expert,te,2,False,True,198.125,1.0,0.15384615384615385,ios,good
83cdb84caba8cc59,appliance_repair,beginner,ta,7,False,False,112.0,0.9,0.05,android,poor
feec4c0e05df637b,welder,beginner,mr,21,False,False,207.125,1.0,0.10714285714285714,ios,good
6d284c230b642ef1,mason,beginner,te,8,False,True,185.0,1.0,0.05454545454545454,ios,moderate
784378b7a35a199a,plumber,advanced,en,11,False,True,177.33333333333334,0.82,0.12195121951219512,web,poor
265f2ecc3287adad,plumber,intermediate,hi,8,False,True,149.55555555555554,1.0,0.08928571428571429,web,good
180233b28e1ff80b,homestay_owner,beginner,bn,6,False,True,139.0,1.0,0.10714285714285714,android,good
b55c6e385670b155,artisan,advanced,hi,23,False,False,125.1,0.96,0.1276595744680851,web,good
4cc8b35d0fddfea3,electrician,beginner,pa,22,False,True,158.9,0.98,0.06382978723404255,ios,good
dacc655c0603f009,carpenter,expert,ml,10,False,False,131.25,1.0,0.1320754716981132,web,poor
d4053ea2a6f3b152,carpenter,beginner,te,19,False,True,183.85714285714286,0.92,0.08888888888888889,android,moderate
ede8f9610f12d9b9,carpenter,intermediate,ta,4,False,False,145.0,1.0,0.13636363636363635,android,moderate
2ea5d63bca1ddf05,plumber,beginner,pa,14,False,True,164.0,1.0,0.0784313725490196,web,good
f2063cbc7523e7d9,electrician,advanced,bn,18,False,True,114.27272727272727,1.0,0.07017543859649122,web,moderate
791a1db4e32b2080,carpenter,intermediate,hi,10,False,False,209.57142857142858,0.82,0.02564102564102564,web,moderate
2b1d7dd3c53e9c50,farmer,intermediate,kn,2,False,True,132.4,1.0,0.04081632653061224,ios,poor
55417e576c4d06a4,appliance_repair,advanced,hi,1,False,True,164.2,1.0,0.057692307692307696,ios,good
87f04e978e90141c,appliance_repair,advanced,mr,8,False,False,125.57142857142857,1.0,0.07017543859649122,web,moderate
01c4926464aff3cf,carpenter,intermediate,pa,3,False,False,139.16666666666666,1.0,0.0784313725490196,web,moderate
9d040c8ad2044835,plumber,advanced,kn,7,False,False,160.33333333333334,0.7,0.08823529411764706,android,moderate
12624ff0c651824c,farmer,intermediate,ml,7,False,False,170.625,0.86,0.07317073170731707,web,moderate
49ac5aeb257fa7cb,appliance_repair,intermediate,hi,13,False,False,166.66666666666666,0.94,0.044444444444444446,ios,moderate
9295cc00d9913629,welder,beginner,ml,21,False,True,175.0,0.7,0.06060606060606061,android,poor
61fb32805cf2acf9,plumber,advanced,bn,23,False,True,110.0,0.78,0.13157894736842105,android,moderate
33a4e699ca122c55,farmer,intermediate,pa,13,False,False,178.83333333333334,0.84,0.023809523809523808,ios,poor
fe63890ee8a21f3d,mason,intermediate,hi,6,False,False,100.0,0.88,0.14285714285714285,android,good
25ebf3cb12f6da1a,electrician,expert,hi,12,False,False,169.0,1.0,0.043478260869565216,android,good
37794f4c6da00fc8,welder,expert,bn,1,False,True,178.3,1.0,0.06,web,poor
a70ad7f421691787,artisan,expert,hi,13,False,True,115.55555555555556,1.0,0.14035087719298245,ios,moderate
44e4929609bbf7fa,homestay_owner,intermediate,pa,2,False,True,143.75,0.84,0.1,ios,good
23667da291336d2f,mobile_repair,advanced,bn,15,False,True,152.14285714285714,1.0,0.1702127659574468,android,good
a05dac983104971e,mobile_repair,expert,ta,8,False,False,126.0,1.0,0.14545454545454545,ios,good
af03d3fbe965d0f9,plumber,beginner,ta,20,False,False,131.57142857142858,0.9,0.06976744186046512,android,moderate
2cb0c98de50fea2e,electrician,expert,bn,22,False,True,69.6,0.74,0.08333333333333333,ios,moderate
d883e49cb80014e4,plumber,intermediate,hi,0,False,False,221.0,1.0,0.08620689655172414,android,good
1cd590868d362ebf,mobile_repair,beginner,bn,3,False,True,203.44444444444446,0.86,0.047619047619047616,android,good
50e14f2895217dc8,artisan,expert,pa,3,False,False,146.375,0.92,0.06976744186046512,web,good
f869acb249af6746,artisan,intermediate,ml,19,False,True,198.88888888888889,1.0,0.05555555555555555,ios,good
b025820bf836ce6f,plumber,beginner,ml,11,False,False,177.57142857142858,0.96,0.06666666666666667,ios,moderate
c0bb03a797155b1a,electrician,intermediate,mr,18,False,False,176.75,1.0,0.06,android,poor
871fac61ab23e388,welder,advanced,en,16,False,True,144.0,1.0,0.03636363636363636,web,poor
15e5600ad811a400,electrician,advanced,hi,11,False,True,223.33333333333334,0.9,0.04878048780487805,android,poor
13d567e8f1854ab0,farmer,advanced,en,15,False,True,115.07142857142857,1.0,0.018518518518518517,web,good
3c670aec4f5f5189,carpenter,intermediate,kn,1,False,True,142.6,0.98,0.02127659574468085,ios,poor
39b97d26136f8e60,plumber,expert,ml,17,False,True,175.5,0.98,0.06521739130434782,web,poor
19cb99f74946e9bf,mobile_repair,advanced,en,19,False,True,118.33333333333333,0.86,0.024390243902439025,ios,good
55b5697c776501ca,plumber,intermediate,pa,9,False,True,136.2,0.86,0.07142857142857142,web,good
4e26e1e3e864f13b,plumber,expert,pa,3,False,True,180.66666666666666,1.0,0.08163265306122448,web,good
d24d4c2a1367c7ab,homestay_owner,beginner,gu,21,False,False,214.85714285714286,0.98,0.02127659574468085,web,good
8c5e8f70edc7e42f,appliance_repair,intermediate,mr,14,False,True,134.8,1.0,0.1320754716981132,android,moderate
d22b9f04015177f7,mason,intermediate,te,14,False,True,52.5,0.8,0.07894736842105263,web,poor
74982abc526d8b8a,plumber,beginner,hi,5,False,True,142.4,1.0,0.020833333333333332,ios,poor
06e441a697d93260,electrician,advanced,ml,9,False,False,151.85714285714286,1.0,0.10869565217391304,web,good
dfa9485807836d75,plumber,beginner,te,7,False,True,150.57142857142858,0.86,0.07142857142857142,android,moderate
c029330c58e5736d,carpenter,advanced,pa,4,False,True,187.0,1.0,0.14893617021276595,web,poor
122194945e438375,mobile_repair,beginner,mr,18,False,False,133.0,0.88,0.06976744186046512,ios,good
b5967a3cc9f623bb,electrician,intermediate,kn,1,False,True,98.2,0.76,0.10526315789473684,ios,good
8d9b5bbb6d09cdab,welder,intermediate,hi,12,False,False,90.85714285714286,0.88,0.07317073170731707,android,moderate
fcd2723269f6747f,carpenter,expert,kn,5,False,False,128.0,0.9,0.21428571428571427,ios,good
8712cf7ede69ff6d,mobile_repair,advanced,ml,5,False,False,127.125,0.86,0.07317073170731707,web,good
663638ad8a025725,mobile_repair,beginner,hi,17,False,True,208.125,0.94,0.045454545454545456,web,good
c083c3f8deae8492,farmer,beginner,te,4,False,False,167.66666666666666,0.9,0.08888888888888889,web,moderate
9d48af92d54b3933,mason,intermediate,kn,9,False,True,183.66666666666666,0.98,0.06818181818181818,android,moderate
a0cc7cc6da5a7539,mason,advanced,hi,3,False,True,171.66666666666666,0.96,0.021739130434782608,web,poor
88c379b850998d8a,appliance_repair,expert,kn,22,False,True,134.83333333333334,1.0,0.057692307692307696,web,good
c52365d8ac812dec,artisan,intermediate,bn,20,False,False,206.0,1.0,0.11764705882352941,android,poor
beff4cb80fa1831a,mobile_repair,expert,kn,3,False,False,120.44444444444444,1.0,0.07272727272727272,web,good
c4b28e5595591226,plumber,beginner,ta,8,False,False,132.58333333333334,1.0,0.07272727272727272,ios,good
ed64b3cc7de67990,plumber,beginner,mr,5,False,False,158.0,1.0,0.05172413793103448,ios,good
a489739195ef93c0,electrician,beginner,te,7,False,False,175.83333333333334,1.0,0.11320754716981132,ios,poor
f87b99ad99d8d34c,carpenter,expert,hi,1,False,True,157.0,1.0,0.041666666666666664,android,moderate
b77e3e2993154c3e,carpenter,advanced,hi,4,False,True,79.0,0.8,0.07894736842105263,web,poor
03e0f74869af33ec,electrician,expert,pa,12,False,True,77.2,0.86,0.0975609756097561,android,poor
93b8385562d28e56,mason,advanced,te,18,False,True,176.28571428571428,0.98,0.06666666666666667,ios,poor
f51a3df479fd16c5,homestay_owner,expert,en,13,False,False,225.0,0.86,0.1951219512195122,android,moderate
7f9bc0fcfebc7a6e,homestay_owner,intermediate,hi,19,False,False,182.44444444444446,0.86,0.0975609756097561,android,moderate
53ea06a7f7866ba7,electrician,advanced,hi,4,False,False,85.25,0.98,0.06382978723404255,android,good
c070ebcf0db2d926,mobile_repair,intermediate,hi,16,False,True,120.0,1.0,0.06,ios,good
5f5c0f4da3ccbba4,farmer,advanced,gu,20,False,False,222.375,1.0,0.06779661016949153,android,moderate
b59ec73f64d57cbf,plumber,intermediate,bn,4,False,False,234.0,0.74,0.14285714285714285,web,good
000a94da2043b3d2,artisan,advanced,gu,14,False,True,153.0,1.0,0.0392156862745098,web,good
453027b401eb87e9,homestay_owner,expert,ta,20,False,True,163.375,0.92,0.044444444444444446,android,moderate
895a86f7c4ca0282,electrician,expert,ml,6,False,True,125.4,0.88,0.15,ios,moderate
d7702d55e3ceeee3,mason,expert,en,1,False,True,103.18181818181819,0.98,0.021739130434782608,android,moderate
023efe0598e28858,electrician,beginner,gu,5,False,False,181.45454545454547,0.98,0.043478260869565216,android,moderate
e5a75c8174cbc406,carpenter,advanced,ta,1,False,True,165.42857142857142,0.86,0.0975609756097561,web,poor
ce331757072f90db,artisan,intermediate,ta,22,False,True,155.5,1.0,0.12727272727272726,ios,moderate
b97eb57e0abba3d3,mobile_repair,intermediate,en,3,False,False,161.42857142857142,1.0,0.10416666666666667,android,poor
eebc2aa7052f6ab2,homestay_owner,advanced,bn,3,False,False,137.75,0.88,0.047619047619047616,android,good
0b7360d4bf9e4d7f,mason,expert,bn,8,False,False,157.42857142857142,0.8,0.10810810810810811,ios,moderate
b31e052ec49ab35d,plumber,beginner,ta,19,False,True,172.75,0.74,0.05405405405405406,web,moderate
b5199a1fe09ec4a4,appliance_repair,intermediate,te,6,False,True,226.33333333333334,1.0,0.04081632653061224,web,poor
e9a651b091ae4afd,homestay_owner,expert,ml,23,False,False,169.33333333333334,1.0,0.09803921568627451,ios,moderate
0e721f6169269f1f,carpenter,beginner,gu,20,False,False,111.85714285714286,0.96,0.021739130434782608,ios,poor
462b937a35b8d287,homestay_owner,expert,pa,3,False,False,141.625,1.0,0.05357142857142857,android,poor
1ff19f2757125036,mobile_repair,expert,pa,5,False,False,122.22222222222223,1.0,0.06451612903225806,android,moderate
1ce86d527e0a1230,plumber,beginner,gu,0,False,True,251.0,0.76,0.13157894736842105,ios,good
26e720856e1bc30b,welder,expert,ml,8,False,True,139.22222222222223,0.9,0.023255813953488372,android,poor
f3f65d32fe2d4d5e,mobile_repair,expert,te,23,False,False,132.28571428571428,0.96,0.11627906976744186,ios,poor
7c4e7712a3863628,electrician,expert,pa,10,False,True,162.28571428571428,1.0,0.16666666666666666,ios,moderate
aec0355aeab47686,mason,intermediate,en,5,False,True,182.66666666666666,1.0,0.0625,web,poor
31a2f5597a88485d,artisan,advanced,te,18,False,True,136.2,0.86,0.125,android,poor
162f9ea69f4ca9f4,carpenter,expert,gu,14,False,True,143.2,0.7,0.11764705882352941,android,good
64ababb6ec4297d0,homestay_owner,expert,pa,20,False,False,105.44444444444444,0.96,0.045454545454545456,android,good
cea4ffb09b46825b,carpenter,advanced,bn,16,False,True,124.0,0.84,0.047619047619047616,web,poor
bfa85a9fc1dbabd2,mason,intermediate,gu,16,False,False,132.0,0.96,0.06521739130434782,ios,moderate
1f6337ce3d6e3c7b,appliance_repair,intermediate,te,10,False,True,176.0,0.8,0.175,web,moderate
e435620de090f894,appliance_repair,expert,gu,13,False,True,149.75,1.0,0.07547169811320754,android,good
a41074f2f34a9322,artisan,expert,pa,13,False,True,176.8,1.0,0.0392156862745098,android,moderate
43c6f6e6dcab5923,farmer,advanced,ml,16,False,True,190.75,0.9,0.06818181818181818,ios,good
c9c11d77c85880d7,artisan,expert,kn,5,False,True,140.88888888888889,1.0,0.0,ios,poor
80ed69cf0a7d6b00,electrician,beginner,te,3,False,False,170.0,1.0,0.07936507936507936,web,good
1260eeb4049a05e3,appliance_repair,expert,hi,4,False,False,175.14285714285714,1.0,0.14545454545454545,android,moderate
bebc55ca2927e1bf,plumber,intermediate,ta,21,False,True,179.66666666666666,0.78,0.1111111111111111,ios,moderate
7b17a91305e5013e,plumber,intermediate,en,20,False,True,141.75,1.0,0.0425531914893617,web,poor
dfaed019a1a7cbfa,carpenter,beginner,pa,17,False,False,185.0,0.94,0.06818181818181818,web,moderate
1b1ad1568e9d1967,electrician,beginner,gu,0,False,True,180.14285714285714,0.96,0.045454545454545456,android,moderate
e7e53b3bb7836c11,carpenter,intermediate,en,22,False,True,141.0,0.78,0.08333333333333333,web,good
14df6a3b6f52764d,homestay_owner,advanced,hi,11,False,True,174.66666666666666,1.0,0.05084745762711865,android,moderate
ec834906db5335d4,appliance_repair,beginner,te,19,False,False,171.57142857142858,1.0,0.13114754098360656,web,poor
3fa070af209c335f,welder,advanced,kn,13,False,False,204.25,1.0,0.061224489795918366,ios,moderate
5f7553a07cef7fa6,homestay_owner,intermediate,en,23,False,True,105.875,0.98,0.0851063829787234,ios,moderate
6b03c22b6e559f6e,mason,advanced,gu,18,False,True,98.11111111111111,1.0,0.08620689655172414,web,moderate
872a236f2e746f7e,mobile_repair,intermediate,pa,5,False,True,149.625,1.0,0.125,ios,moderate
d8b0825e965f47f2,electrician,expert,bn,3,False,False,172.5,1.0,0.07692307692307693,web,poor
b9a2cad84454650d,electrician,beginner,kn,3,False,True,173.71428571428572,1.0,0.044444444444444446,web,moderate
2f9ad9b6c456f1de,mobile_repair,beginner,pa,16,False,False,129.125,0.86,0.04878048780487805,ios,moderate
c51ef22bf27fd28c,farmer,expert,gu,19,False,False,159.0,0.9,0.16279069767441862,ios,poor
8f2186b5d329f34f,mason,expert,kn,5,False,True,111.5,0.9,0.045454545454545456,web,poor
48f0035a2929749e,carpenter,intermediate,ta,12,False,False,151.25,0.86,0.024390243902439025,ios,moderate
65290eeff849d506,homestay_owner,beginner,hi,13,False,True,203.44444444444446,1.0,0.05,ios,moderate
fc44dc864d3cbd95,plumber,intermediate,ta,19,False,False,107.14285714285714,0.68,0.030303030303030304,ios,poor
a19959e1de05e604,farmer,expert,en,10,False,False,151.0,1.0,0.08928571428571429,android,poor
081fb603e1fb39a0,carpenter,beginner,en,4,False,False,202.71428571428572,0.86,0.11627906976744186,ios,poor
bccc1af8885752e7,welder,expert,gu,10,False,False,129.625,0.9,0.047619047619047616,web,good
31d65b96ef102d14,appliance_repair,intermediate,pa,22,False,False,151.58333333333334,0.98,0.06382978723404255,web,poor
928bcc2c7c0f7b7a,mason,expert,ta,1,False,True,144.33333333333334,1.0,0.12244897959183673,ios,good
626ced5665b2c253,mason,advanced,gu,0,False,False,186.2,0.7,0.030303030303030304,ios,moderate
43cbaacaa60b87ec,homestay_owner,expert,te,6,False,False,146.5,1.0,0.11320754716981132,android,moderate
174966d7646bd8e5,homestay_owner,intermediate,bn,13,False,False,161.66666666666666,1.0,0.09259259259259259,ios,good
24b20dc29976dacb,welder,intermediate,mr,15,False,True,131.75,1.0,0.061224489795918366,web,good
a2edac66ec2a5a41,farmer,advanced,bn,11,False,False,122.18181818181819,1.0,0.11320754716981132,web,moderate
304d18fad73a8a9d,carpenter,beginner,te,14,False,True,125.71428571428571,0.94,0.11627906976744186,android,poor
d2073b5116dcaa60,electrician,advanced,pa,2,False,False,151.625,1.0,0.05263157894736842,android,good
9bde70dad050dbfb,electrician,advanced,kn,13,False,False,114.6923076923077,1.0,0.020833333333333332,android,poor
f169523609f13b80,mobile_repair,expert,gu,15,False,True,128.0,1.0,0.03333333333333333,web,moderate
04f44466e9cd63bc,farmer,intermediate,te,20,False,True,141.875,1.0,0.14583333333333334,android,poor
2b179f0008ca5d20,electrician,intermediate,gu,2,False,False,156.77777777777777,1.0,0.038461538461538464,ios,poor
2dba8a8f2a9424e5,mobile_repair,expert,ml,0,False,False,151.91666666666666,1.0,0.13559322033898305,ios,moderate
4fbe308e5df50063,plumber,expert,te,9,False,True,7.5,0.66,0.0625,ios,poor
163ef47fd16f5517,artisan,advanced,te,15,False,False,137.375,1.0,0.03389830508474576,ios,good
a897225f161adb05,electrician,beginner,te,1,False,True,150.25,1.0,0.05357142857142857,ios,poor
3ab7b05b49d33005,welder,intermediate,mr,9,False,True,190.83333333333334,0.88,0.047619047619047616,web,good
221cae7a480f4a59,mobile_repair,expert,mr,14,False,False,114.33333333333333,1.0,0.016666666666666666,android,moderate
84e7437ab4f3fde8,appliance_repair,intermediate,hi,17,False,False,140.0,1.0,0.057692307692307696,web,good
62056e61adbf1ae1,farmer,expert,ta,18,False,True,215.0,1.0,0.10638297872340426,web,good
f67faa7c70620cf5,carpenter,expert,gu,22,False,True,172.9,1.0,0.05172413793103448,android,moderate
2ede14b615de4256,mason,intermediate,te,7,False,True,141.0,1.0,0.06,ios,good
3939ff3966f4797e,mobile_repair,advanced,ml,14,False,False,184.28571428571428,1.0,0.06382978723404255,web,poor
048c640b2b62598a,homestay_owner,advanced,ta,21,False,False,111.83333333333333,0.94,0.022727272727272728,android,good
bf5c1d8c2ce028c1,electrician,intermediate,mr,19,False,True,167.41666666666666,1.0,0.041666666666666664,android,moderate
ca96fecdb9ea86be,homestay_owner,advanced,pa,14,False,False,145.875,0.96,0.13333333333333333,web,poor
b123f164e71a490c,mason,advanced,gu,2,False,False,131.14285714285714,1.0,0.08163265306122448,web,good
1252b9355aa1ca96,mason,intermediate,en,11,False,False,144.4,1.0,0.09615384615384616,web,good
4bc9af062fd6a14b,appliance_repair,beginner,pa,0,False,False,153.71428571428572,0.88,0.06976744186046512,ios,moderate
9c458114e1fbeb1e,welder,expert,mr,11,False,False,126.83333333333333,0.9,0.06976744186046512,android,moderate
7ee12bf2b865d7dd,welder,beginner,en,18,False,True,215.0,0.94,0.06818181818181818,web,good
eddc0e7c98c35e4d,carpenter,advanced,pa,9,False,True,157.63636363636363,0.98,0.020833333333333332,ios,poor
b63243aad97edebc,plumber,beginner,pa,22,False,True,133.88888888888889,1.0,0.018867924528301886,ios,poor
62d28937b9ffe0d2,plumber,advanced,bn,3,False,False,161.27272727272728,1.0,0.1320754716981132,web,poor
0cf6f5daa445377a,carpenter,intermediate,hi,23,False,False,140.57142857142858,0.86,0.15789473684210525,android,poor
5f79d27590017db9,mason,expert,ml,11,False,False,165.4,0.74,0.05555555555555555,web,poor
c895bb90ee1abdea,artisan,expert,kn,18,False,False,183.2,0.86,0.19047619047619047,android,good
980b1354dbe20445,electrician,advanced,te,5,False,True,177.22222222222223,1.0,0.09230769230769231,ios,good
74a09d5c063e9e67,electrician,expert,bn,17,False,True,197.75,0.88,0.046511627906976744,ios,moderate
9012d17a3634a959,mobile_repair,intermediate,ml,9,False,False,274.75,1.0,0.10416666666666667,android,poor
182f9e550d07390a,artisan,beginner,mr,16,False,False,133.83333333333334,0.92,0.0975609756097561,ios,poor
358ff962f2eb89df,carpenter,expert,ml,18,False,False,187.35714285714286,1.0,0.058823529411764705,web,poor
9084fd8dbea1ad2a,appliance_repair,intermediate,ta,10,False,True,135.5,1.0,0.018518518518518517,android,poor
7fb668a8bb29fede,mason,expert,gu,20,False,False,104.9,0.86,0.0975609756097561,android,good
e712925df321bb95,carpenter,advanced,en,8,False,False,211.28571428571428,1.0,0.05660377358490566,android,good
4d770441ceff2f03,mobile_repair,advanced,te,17,False,True,144.71428571428572,0.96,0.020833333333333332,android,good
398ef3dd843b8916,carpenter,intermediate,pa,9,False,True,150.75,0.78,0.07894736842105263,android,poor
9da6edcac2d8a86b,farmer,beginner,te,23,False,True,144.66666666666666,0.96,0.06976744186046512,ios,moderate
169638e63a93c40f,homestay_owner,intermediate,en,13,False,False,153.28571428571428,0.84,0.125,android,good
1092ec3eb39ff675,electrician,intermediate,hi,22,False,True,162.33333333333334,0.88,0.046511627906976744,web,poor
79e0caca96673a31,appliance_repair,intermediate,kn,9,False,False,135.28571428571428,0.96,0.0,ios,moderate
7003893d55bde51a,electrician,expert,mr,15,False,True,87.83333333333333,1.0,0.038461538461538464,android,moderate
fae30613f8f86ce3,mason,intermediate,bn,19,False,False,118.66666666666667,1.0,0.08333333333333333,web,poor
547641c1ed07b9a0,plumber,expert,bn,14,False,True,110.625,1.0,0.08620689655172414,ios,moderate
8152f34bce71322f,mobile_repair,beginner,hi,11,False,False,119.16666666666667,0.8,0.05405405405405406,android,poor
6dfc1ab36f8ada47,plumber,advanced,bn,13,False,True,132.33333333333334,0.9,0.07142857142857142,web,good
aab148a58f72d81d,plumber,advanced,en,21,False,True,202.28571428571428,1.0,0.057692307692307696,android,moderate
2275e0c4cce0100b,plumber,expert,hi,9,False,False,204.63636363636363,1.0,0.017857142857142856,android,good
a32fd54520856150,plumber,expert,mr,13,False,True,94.0,0.94,0.08695652173913043,web,moderate
a2059ab914ec3217,mason,beginner,kn,19,False,True,111.57142857142857,0.76,0.05555555555555555,web,moderate
d4c93363a38116f7,mobile_repair,advanced,bn,1,False,True,156.6,1.0,0.10204081632653061,android,moderate
27f5c005a4771399,plumber,intermediate,te,4,False,True,223.25,1.0,0.05454545454545454,web,moderate
132df484a0171720,electrician,intermediate,kn,4,False,True,165.5,0.78,0.02631578947368421,web,poor
f18115362b839aec,mason,intermediate,te,19,False,True,128.25,0.92,0.043478260869565216,android,moderate
b264b99eae415c1c,homestay_owner,beginner,hi,12,False,False,85.57142857142857,1.0,0.10416666666666667,ios,good
0fd33415cc45c6fc,artisan,intermediate,kn,19,False,True,145.33333333333334,0.94,0.11363636363636363,android,good
e5af82d8320a3169,welder,advanced,te,20,False,False,165.42857142857142,0.98,0.04081632653061224,android,poor
0ec24adf5d0caf04,appliance_repair,advanced,en,12,False,False,162.0,0.98,0.0,ios,moderate
7968b38a67710169,carpenter,advanced,te,15,False,True,146.6,1.0,0.11320754716981132,android,good
9da924f0ceb12f70,artisan,beginner,en,1,False,False,177.0,1.0,0.0851063829787234,android,moderate
484d2ae04dc9c65f,artisan,beginner,mr,15,False,False,187.0,0.88,0.07692307692307693,web,moderate
c9e560a37cc13245,artisan,beginner,ta,10,False,True,162.875,1.0,0.09259259259259259,web,good
234152f02daf178c,mobile_repair,intermediate,mr,16,False,False,171.0,0.98,0.06666666666666667,android,poor
2ce35662509b1c9f,farmer,advanced,te,0,False,True,185.28571428571428,1.0,0.061224489795918366,ios,moderate
3c62b4f872926a4b,artisan,advanced,kn,20,False,False,232.5,0.78,0.02631578947368421,ios,good
b560233dada9eb03,plumber,intermediate,bn,3,False,False,80.66666666666667,1.0,0.0392156862745098,ios,moderate
54b587fcc0c68e41,farmer,expert,bn,13,False,False,163.0,1.0,0.12727272727272726,ios,moderate
95632cfe5d7c976c,appliance_repair,intermediate,ta,7,False,True,123.2,1.0,0.0784313725490196,web,good
0d82087ced7e2b86,artisan,beginner,ta,6,False,True,106.125,1.0,0.08163265306122448,android,moderate
0cbf5aaea2e03e75,welder,intermediate,gu,5,False,True,138.25,1.0,0.061224489795918366,ios,poor
90f91ec370437411,electrician,intermediate,bn,6,False,True,116.25,0.72,0.11428571428571428,ios,moderate
5f48d5a485b3a820,artisan,expert,gu,12,False,False,98.0,1.0,0.08333333333333333,web,good
33d3f0d010691492,artisan,advanced,hi,7,False,False,182.4,0.76,0.02702702702702703,web,good
378ab72bba0a62ef,mason,expert,en,0,False,True,123.6,1.0,0.14893617021276595,ios,poor
8b082d45e3c3624f,artisan,intermediate,hi,20,False,False,104.5,0.98,0.021739130434782608,ios,poor
86272112941d6111,carpenter,advanced,hi,20,False,True,173.7,1.0,0.05555555555555555,android,moderate
ade03b0aec916576,homestay_owner,expert,ta,0,False,True,157.0,0.9,0.06818181818181818,android,poor
2ffa8b832b0532db,homestay_owner,beginner,bn,1,False,True,131.8,1.0,0.09803921568627451,android,poor
819bd4c81d8273f5,electrician,expert,ml,15,False,False,145.8,0.92,0.09302325581395349,android,poor
1cac70ce7f67adee,homestay_owner,intermediate,hi,0,False,False,168.0,0.82,0.175,ios,poor
58136ba842ba4dd7,mason,expert,gu,4,False,False,132.23076923076923,1.0,0.125,android,good
36f9bb367016ee7d,artisan,intermediate,kn,8,False,False,164.33333333333334,0.9,0.08888888888888889,web,moderate
977a00c0183e2672,appliance_repair,expert,hi,22,False,True,179.5,0.94,0.044444444444444446,web,poor
c4daee2e39a3e7d9,homestay_owner,beginner,ta,12,False,True,200.25,1.0,0.03508771929824561,android,poor
43904b7417f15276,artisan,intermediate,bn,19,False,True,182.375,1.0,0.10909090909090909,ios,poor
5e494b24c73e4baa,welder,advanced,kn,10,False,False,135.63636363636363,1.0,0.07272727272727272,ios,poor
80d9aaefbd79b000,plumber,advanced,ml,23,False,False,119.33333333333333,0.9,0.13953488372093023,web,good
a632bb76a484216f,plumber,expert,bn,9,False,False,129.0,0.94,0.11627906976744186,ios,good
00346717be3f408f,plumber,intermediate,kn,21,False,True,121.66666666666667,0.94,0.044444444444444446,web,good
4234a9742893fd64,farmer,expert,te,19,False,False,144.63636363636363,1.0,0.10909090909090909,web,moderate
93d15bc8436d09b4,electrician,expert,kn,17,False,False,113.2,1.0,0.05555555555555555,ios,good
6f1405d3995f5945,plumber,expert,mr,6,False,False,132.25,0.7,0.05714285714285714,android,good
012461bce9afb204,farmer,expert,pa,3,False,True,147.75,0.8,0.05263157894736842,web,good
cd8c97beaea85e1d,electrician,beginner,pa,1,False,True,130.11111111111111,1.0,0.0,android,good
8cef84b303d052b5,welder,expert,te,1,False,True,147.66666666666666,0.98,0.125,ios,poor
f0cc50ace651fd70,homestay_owner,beginner,en,22,False,True,121.55555555555556,1.0,0.08771929824561403,web,moderate
8a79018053427e93,carpenter,beginner,mr,17,False,False,146.75,1.0,0.05555555555555555,ios,poor
08da8d9ad4ad6f32,carpenter,expert,pa,17,False,True,139.5,0.86,0.1,ios,moderate
76032536b60cd4a6,mason,beginner,te,11,False,False,145.5,0.82,0.15384615384615385,android,moderate
5ea75cafa032de67,artisan,advanced,ml,2,False,True,134.83333333333334,1.0,0.05454545454545454,android,good
3af4efb4f058786c,mason,beginner,en,9,False,False,163.8,1.0,0.12244897959183673,ios,poor
a5d16484a372878a,appliance_repair,intermediate,mr,3,False,False,174.33333333333334,1.0,0.1,android,moderate
8d675564361b994d,mobile_repair,beginner,mr,4,False,False,212.28571428571428,1.0,0.06382978723404255,ios,moderate
6f8340a861ec4458,welder,advanced,en,19,False,False,107.9090909090909,1.0,0.125,android,poor
33c767a5587a4c07,appliance_repair,expert,kn,18,False,True,155.5,0.78,0.1891891891891892,ios,moderate
45d1d2d436c2f4b2,farmer,advanced,kn,12,False,True,147.66666666666666,0.56,0.07692307692307693,web,poor
8f6ac5de544e4a18,mobile_repair,expert,kn,5,False,False,160.4,0.76,0.10810810810810811,android,good
99e1750ca881067a,appliance_repair,advanced,ml,14,False,True,133.85714285714286,1.0,0.061224489795918366,android,moderate
8a37ca20cfcae508,plumber,beginner,ta,18,False,True,141.63636363636363,0.88,0.06976744186046512,android,poor
15ac9bb4bc064d12,plumber,intermediate,kn,12,False,True,213.0,0.9,0.09302325581395349,ios,poor
b1dd865ebf987333,appliance_repair,beginner,gu,1,False,False,107.33333333333333,0.78,0.05405405405405406,android,good
5d2eaf5df0e3250c,appliance_repair,advanced,ml,4,False,True,166.57142857142858,0.8,0.05263157894736842,android,moderate
053d63c6f89c16a9,carpenter,intermediate,kn,7,False,True,207.44444444444446,1.0,0.020833333333333332,ios,moderate
e9d955c6ac4f2461,appliance_repair,intermediate,ta,12,False,True,193.0,0.96,0.06818181818181818,web,poor
913177078ded426c,electrician,advanced,hi,23,False,False,152.4,1.0,0.057692307692307696,ios,moderate
babf9988918835df,mason,advanced,bn,18,False,True,167.4,1.0,0.07692307692307693,ios,good
e8b647334d8a100f,mobile_repair,intermediate,en,12,False,True,114.57142857142857,0.9,0.024390243902439025,web,poor
204762db8e1929b9,carpenter,intermediate,te,23,False,False,151.2,0.98,0.041666666666666664,android,moderate
3517642acc8f72b4,farmer,expert,en,0,False,True,195.0,1.0,0.08695652173913043,android,poor
2c2fd89669c30674,artisan,intermediate,mr,8,False,True,145.0,0.84,0.02564102564102564,ios,poor
51d6e25b994bb7d4,appliance_repair,intermediate,te,22,False,False,154.71428571428572,0.9,0.022222222222222223,ios,poor
cff1ccd6ee745756,mobile_repair,beginner,ml,0,False,True,167.57142857142858,0.92,0.13333333333333333,web,poor
8c0e9e6667639fd0,appliance_repair,expert,hi,3,False,True,134.5,1.0,0.15254237288135594,ios,good
def195be0310da02,carpenter,advanced,hi,20,False,True,120.0,1.0,0.11538461538461539,ios,moderate
2790b7cb38b06b9d,plumber,beginner,pa,6,False,True,196.0,1.0,0.06,android,good
f8f2327ab5c656b8,artisan,beginner,gu,6,False,True,189.125,0.98,0.08333333333333333,android,moderate
b29f82fa3cb25784,artisan,advanced,gu,11,False,True,135.0,1.0,0.11666666666666667,web,moderate
34311fee11bf3fe7,mason,expert,mr,1,False,False,190.0,1.0,0.0425531914893617,ios,poor
aeb36dad39827d34,carpenter,expert,te,10,False,True,131.77777777777777,0.76,0.0,android,moderate
183e542e479e5026,farmer,advanced,en,11,False,True,111.28571428571429,0.88,0.046511627906976744,web,moderate
5779fbb5f2d00a68,homestay_owner,expert,te,12,False,True,154.36363636363637,1.0,0.05660377358490566,web,good
abe9f68920d30e86,homestay_owner,advanced,hi,8,False,True,178.91666666666666,1.0,0.12244897959183673,ios,poor
a61fb30e1ad5ada6,electrician,advanced,en,16,False,True,198.66666666666666,1.0,0.0625,ios,moderate
214e28cff27ac2e1,mobile_repair,expert,en,7,False,False,129.71428571428572,0.76,0.02702702702702703,ios,poor
7857d75671a5e3e4,carpenter,advanced,ml,23,False,False,192.5,0.88,0.09523809523809523,ios,poor
13c11925aae24656,farmer,beginner,gu,6,False,False,123.875,0.94,0.022727272727272728,ios,poor
68e0f02ac3e030eb,homestay_owner,beginner,pa,18,False,True,203.2,1.0,0.04081632653061224,web,poor
aa853e635969a400,plumber,expert,kn,8,False,False,108.0,0.9,0.046511627906976744,web,poor
d664e204592156d6,mobile_repair,intermediate,ta,13,False,False,164.42857142857142,0.94,0.06666666666666667,ios,poor
468c30ae55398699,artisan,expert,ta,20,False,False,187.0,0.74,0.08108108108108109,ios,poor
53793421d0e4e367,mobile_repair,beginner,ta,4,False,False,163.42857142857142,0.9,0.07142857142857142,ios,good
bdf02369705be2e7,plumber,expert,ml,22,False,False,158.6,0.8,0.125,android,good
16f0eb07ec9391e0,welder,advanced,pa,18,False,True,151.3,1.0,0.06666666666666667,web,poor
f945ba2cc16a2be9,carpenter,intermediate,mr,4,False,False,94.8,0.98,0.061224489795918366,android,moderate
b04c298ae90da3de,electrician,advanced,gu,11,False,True,129.0,1.0,0.03508771929824561,web,poor
e0c1b7080134c680,carpenter,expert,bn,6,False,True,138.57142857142858,1.0,0.05263157894736842,android,moderate
55a8c1c70006adb4,farmer,advanced,ta,22,False,False,125.0,0.94,0.11627906976744186,ios,good
b8bf83820453bbb3,welder,beginner,bn,9,False,True,101.0,0.94,0.06976744186046512,ios,moderate
e2297dafce2eaf7e,plumber,expert,mr,15,False,False,112.44444444444444,1.0,0.08333333333333333,android,good
8067fb0ba0e4a1b0,mobile_repair,advanced,bn,2,False,False,128.75,0.88,0.06976744186046512,web,poor
865782cb293bc042,plumber,expert,ta,15,False,False,160.69230769230768,1.0,0.08333333333333333,ios,poor
13523a95ea398119,mason,advanced,hi,21,False,True,145.75,0.96,0.10869565217391304,ios,moderate
63f23ae86ddfbafe,appliance_repair,expert,hi,18,False,False,134.88888888888889,1.0,0.05172413793103448,ios,moderate
ee1b6379f7263f6e,appliance_repair,intermediate,ta,6,False,True,132.66666666666666,1.0,0.06666666666666667,ios,good
feed1e2e31730ad6,farmer,intermediate,kn,5,False,True,162.8,0.86,0.11904761904761904,web,moderate
4f22ac060f26e275,carpenter,intermediate,gu,22,False,True,131.2,0.8,0.10526315789473684,ios,moderate
e72b6485041b3259,carpenter,advanced,ta,6,False,True,161.0,0.76,0.16216216216216217,android,moderate
6db241fd02342cd2,carpenter,advanced,mr,18,False,True,170.71428571428572,1.0,0.06,ios,poor
c6a08ece940bebd7,appliance_repair,expert,pa,0,False,True,154.0,1.0,0.07692307692307693,web,good
d98792e23d2723b0,mason,beginner,te,9,False,True,168.2,1.0,0.057692307692307696,ios,good
1a93026d2f3c0ef0,welder,expert,ml,19,False,True,114.8,0.84,0.025,web,moderate
2a9498d62b08a60a,artisan,beginner,te,21,False,False,148.5,1.0,0.125,android,poor
ca46cae486cea42b,welder,beginner,mr,8,False,True,155.5,0.96,0.0851063829787234,web,moderate
4558e42c57c895e3,appliance_repair,expert,mr,16,False,True,139.71428571428572,1.0,0.08163265306122448,web,moderate
69e8a7701e7df999,carpenter,expert,bn,6,False,True,141.5,0.94,0.1111111111111111,ios,poor
b364f6ac4d8cd652,mobile_repair,intermediate,hi,2,False,False,177.66666666666666,0.8,0.10526315789473684,android,good
4d3578a22391dc9f,mason,intermediate,te,6,False,True,114.5,0.96,0.10869565217391304,ios,poor
cb15f04fc35aa3db,appliance_repair,advanced,ta,20,False,False,156.3846153846154,1.0,0.1111111111111111,web,moderate
6c6ba64e0fcd790f,plumber,expert,gu,23,False,True,138.28571428571428,1.0,0.05172413793103448,web,moderate
25e659da985bf3ba,carpenter,advanced,te,17,False,True,175.55555555555554,1.0,0.07272727272727272,android,moderate
eaa9c4394a36e345,farmer,expert,ml,11,False,True,177.875,1.0,0.10638297872340426,ios,poor
d09f23e9a3d69330,appliance_repair,beginner,ml,7,False,True,132.0,0.96,0.15217391304347827,web,good
d3df9499df5000ff,welder,advanced,ml,21,False,False,144.83333333333334,0.92,0.08695652173913043,android,moderate
8c3ffa09b49143ae,mason,expert,bn,9,False,False,139.72727272727272,1.0,0.05660377358490566,web,good
9200fce1d7bc87b0,homestay_owner,expert,kn,12,False,True,182.33333333333334,0.76,0.05405405405405406,web,moderate
25ec61c0cf13623f,appliance_repair,advanced,ml,15,False,True,141.91666666666666,1.0,0.0,android,good
50fdba06be18de1a,appliance_repair,intermediate,kn,6,False,False,125.0,0.9,0.023809523809523808,android,moderate
07bc8e3703ee1554,electrician,expert,gu,14,False,False,197.0,0.84,0.10256410256410256,web,good
4398b438e65a48aa,mason,beginner,ta,21,False,False,184.6,0.92,0.023255813953488372,android,moderate
95f336258f94c03e,artisan,expert,te,17,False,False,152.0,0.78,0.07692307692307693,ios,good
21960b02f6a6980a,appliance_repair,beginner,kn,18,False,True,257.75,0.88,0.11363636363636363,web,good
68672580480e4396,appliance_repair,expert,en,7,False,False,121.0,0.8,0.10526315789473684,web,poor
e5e580adcd3db0ea,mason,expert,gu,12,False,False,130.0,1.0,0.030303030303030304,android,good
52706c9db6665cac,carpenter,advanced,bn,5,False,True,116.0,1.0,0.08,web,moderate
f20c58a1f43d1c4a,farmer,advanced,kn,10,False,True,162.875,1.0,0.0392156862745098,web,poor
21c46a94f0e9d30d,mason,expert,mr,1,False,False,143.28571428571428,0.8,0.025,ios,good
cb20bc110dc9248c,welder,beginner,ta,14,False,False,152.5,0.92,0.023255813953488372,android,poor
2dc791655246f904,homestay_owner,advanced,te,20,False,False,138.0,0.8,0.07894736842105263,android,poor
0b4de171c8825fe5,welder,intermediate,mr,10,False,False,201.625,0.86,0.07692307692307693,web,moderate
712bf7fb4bccd657,plumber,advanced,hi,14,False,True,158.14285714285714,1.0,0.07692307692307693,android,poor
0fdc78e64228cab8,mobile_repair,advanced,kn,14,False,True,78.33333333333333,0.86,0.09523809523809523,web,moderate
fcf80a66bddb7e55,mason,advanced,en,10,False,True,125.8,0.84,0.04878048780487805,android,poor
1307943c6f3395c4,mason,expert,bn,16,False,True,107.42857142857143,1.0,0.07692307692307693,ios,good
6eb772c01944518a,carpenter,intermediate,gu,2,False,False,131.33333333333334,1.0,0.03773584905660377,web,good
d4d3f928b76f864c,farmer,advanced,mr,8,False,True,239.0,1.0,0.07692307692307693,android,moderate
1c5c4e12d9f45c95,plumber,advanced,hi,16,False,False,157.0,0.96,0.16666666666666666,ios,moderate
83407a7ed80d929b,electrician,beginner,en,1,False,True,108.625,1.0,0.14285714285714285,android,moderate
deac52495903c116,farmer,advanced,kn,18,False,True,143.57142857142858,1.0,0.04081632653061224,ios,moderate
dfdbeeb591411dc1,mobile_repair,expert,bn,23,False,True,99.66666666666667,0.98,0.044444444444444446,ios,moderate
89ec6f99c108fb68,plumber,beginner,en,4,False,False,160.8181818181818,1.0,0.125,ios,moderate
a303297deb557528,mobile_repair,intermediate,ml,8,False,True,149.44444444444446,1.0,0.038461538461538464,ios,moderate
014fa058c3f43f38,welder,intermediate,pa,10,False,True,157.25,1.0,0.10204081632653061,android,moderate
d1526956179700ef,homestay_owner,expert,hi,22,False,True,192.55555555555554,0.88,0.0975609756097561,web,good
374a47c3d69d6326,mason,beginner,hi,13,False,True,124.33333333333333,1.0,0.16981132075471697,ios,poor
d9bf77a415dc01c5,carpenter,beginner,te,17,False,True,136.4,1.0,0.0392156862745098,ios,good
032993a33959a446,electrician,beginner,pa,15,False,True,107.16666666666667,1.0,0.16071428571428573,web,good
1bd93d39075804dd,plumber,expert,ta,20,False,False,157.66666666666666,0.68,0.029411764705882353,web,moderate
649fc210e9620019,electrician,intermediate,te,13,False,False,147.375,1.0,0.0196078431372549,web,good
02c119d3bdf18176,artisan,expert,en,11,False,False,121.33333333333333,1.0,0.1,web,moderate
06576b93ca032ac6,carpenter,beginner,kn,18,False,False,205.33333333333334,1.0,0.125,ios,good
2e26cbf6e951c561,carpenter,advanced,en,3,False,True,148.2,0.84,0.024390243902439025,android,moderate
d2a0ab8b43cd5955,appliance_repair,advanced,en,12,False,False,116.16666666666667,0.8,0.05,android,poor
fd9ad9e55a90a04d,mobile_repair,advanced,pa,8,False,False,173.0,0.84,0.05128205128205128,ios,good
565616fc27245bd9,appliance_repair,advanced,mr,14,False,True,180.75,1.0,0.058823529411764705,android,good
9dfc1e6da572926b,plumber,expert,te,18,False,False,107.4,1.0,0.1,android,poor
6481c5c3ae1d35eb,mobile_repair,intermediate,gu,21,False,True,114.625,1.0,0.06521739130434782,android,good
d0d7b0683fe4eb08,homestay_owner,intermediate,ta,15,False,False,106.0909090909091,0.96,0.16279069767441862,android,moderate
eec2b6d32b6d830d,carpenter,advanced,ta,23,False,True,42.25,0.86,0.09523809523809523,android,good
5a0cbd0f60627b6f,homestay_owner,expert,te,4,False,True,109.0,0.8,0.07894736842105263,ios,poor
19bc46df098fade9,homestay_owner,intermediate,ml,16,False,True,112.2,1.0,0.09433962264150944,ios,poor
971d31cafd8da0b6,plumber,expert,bn,1,False,True,81.2,0.8,0.19444444444444445,web,good
950baa4d95045eef,mason,advanced,en,1,False,True,108.5,0.88,0.09523809523809523,ios,poor
582607907936ff58,farmer,intermediate,kn,20,False,True,239.83333333333334,1.0,0.041666666666666664,android,moderate
7266625392d7d8aa,welder,advanced,hi,18,False,False,121.83333333333333,0.96,0.13333333333333333,web,poor
964be6f6ba07e06c,artisan,expert,hi,10,False,True,65.2,0.98,0.08163265306122448,android,poor
81fb03782befc4b0,welder,beginner,pa,10,False,False,50.6,0.94,0.06666666666666667,web,moderate
3939ba5e13999d2e,mobile_repair,advanced,gu,13,False,True,183.57142857142858,0.84,0.10256410256410256,web,good
4cc4ab319d00d0d9,farmer,intermediate,kn,1,False,True,182.0,0.84,0.025,ios,moderate
0dcae51e0cf26158,electrician,intermediate,mr,11,False,True,111.125,1.0,0.04918032786885246,web,poor
cf52fcfca37fa74a,homestay_owner,advanced,pa,1,False,True,196.375,0.9,0.045454545454545456,ios,good
1d6e6082efe4908e,plumber,advanced,kn,8,False,False,163.125,0.98,0.0,android,good
b0f7daff55fe57a2,homestay_owner,intermediate,mr,3,False,False,85.2,1.0,0.10416666666666667,web,poor
985b7917d9828937,artisan,expert,pa,11,False,True,160.375,1.0,0.05172413793103448,ios,good
4770df310e4c54e2,artisan,expert,en,11,False,False,138.75,0.96,0.13333333333333333,ios,poor
6a8456c860b48dde,mason,beginner,pa,12,False,True,168.76923076923077,1.0,0.05660377358490566,web,good
4bb32bd57b3420fc,farmer,beginner,kn,5,False,True,195.875,0.92,0.022727272727272728,web,good
187546b3055f28d2,artisan,beginner,en,21,False,False,141.88888888888889,1.0,0.020833333333333332,android,poor
456783651b1cc951,artisan,expert,te,1,False,False,204.25,0.82,0.1,web,good
15e4d9a2aed3a4f1,plumber,beginner,ml,6,False,False,194.33333333333334,1.0,0.04081632653061224,ios,moderate
47a4bb3450844efa,plumber,beginner,gu,0,False,False,193.5,1.0,0.06,ios,good
74d278f7172b248e,carpenter,expert,gu,14,False,False,153.42857142857142,1.0,0.04838709677419355,android,poor
a9707a08bccea29a,electrician,advanced,gu,8,False,True,175.125,0.98,0.020833333333333332,ios,moderate
f3d5c80a03b4615a,carpenter,beginner,pa,2,False,False,164.16666666666666,1.0,0.08333333333333333,android,poor
5b0a13f87955e847,appliance_repair,intermediate,bn,3,False,False,125.0,0.96,0.08695652173913043,ios,poor
9a592d271ed68461,mobile_repair,expert,bn,1,False,True,179.875,0.7,0.0,web,good
50a9476e128217df,carpenter,intermediate,te,22,False,False,166.2,1.0,0.07462686567164178,ios,good
cdbf761ce519e47a,electrician,beginner,pa,4,False,True,158.14285714285714,1.0,0.07462686567164178,web,good
11468cde2a58b073,carpenter,intermediate,ml,1,False,False,137.66666666666666,0.98,0.10204081632653061,android,good
70896c0e1fcb051f,mason,advanced,ml,7,False,False,152.71428571428572,0.82,0.025,ios,poor
967e3a266b9c4e15,appliance_repair,expert,hi,9,False,True,175.66666666666666,1.0,0.03333333333333333,web,moderate
de86801d4b277dc9,mobile_repair,advanced,en,20,False,True,145.1,1.0,0.0625,web,poor
da4c1aaa1226b7f2,welder,expert,gu,9,False,True,101.0,0.84,0.15,ios,poor
04fec628cd980006,homestay_owner,expert,gu,15,False,True,199.4,1.0,0.018867924528301886,ios,poor
636e0c2188314169,electrician,advanced,gu,10,False,True,115.8,1.0,0.1346153846153846,web,poor
f39f17574df654cb,welder,expert,gu,5,False,False,155.7,1.0,0.02040816326530612,android,poor
9e68d383de53f137,mobile_repair,intermediate,mr,16,False,False,143.375,1.0,0.04,android,good
21af82d78603353e,plumber,advanced,kn,13,False,True,124.66666666666667,1.0,0.0,ios,poor
12c6f2e83684daea,electrician,expert,hi,11,False,False,118.0,1.0,0.14583333333333334,web,moderate
029d097e8b755a7f,mobile_repair,advanced,hi,16,False,True,179.28571428571428,0.8,0.05263157894736842,web,good
06ca577b25c7d4bd,plumber,beginner,en,12,False,False,157.1,1.0,0.02040816326530612,android,good
d8e0a3a4a9b4fcaa,carpenter,expert,gu,9,False,False,243.66666666666666,0.84,0.025,android,good
e4aa6fc02a58749b,plumber,intermediate,pa,13,False,True,170.5,0.74,0.02702702702702703,ios,moderate
9e743696890ebb05,homestay_owner,beginner,gu,20,False,True,154.6,0.96,0.0425531914893617,android,good
10b8cb4058c28d78,farmer,beginner,en,20,False,False,234.5,0.78,0.08108108108108109,ios,good
19aa5f684fde0858,plumber,beginner,pa,19,False,True,159.0,0.96,0.06382978723404255,web,good
86694d5bdd29d0cc,carpenter,beginner,te,15,False,False,143.28571428571428,0.92,0.13636363636363635,ios,moderate
a604bd1c1ffd1bbe,farmer,intermediate,pa,17,False,False,171.75,1.0,0.125,ios,poor
d45f743931251339,carpenter,expert,ml,14,False,True,161.4,0.66,0.06060606060606061,android,good
ea2f80fb7fd24966,homestay_owner,advanced,ml,2,False,False,137.8,1.0,0.020833333333333332,web,good
ea4d8f2342a616f7,homestay_owner,advanced,ta,17,False,True,156.83333333333334,0.98,0.06521739130434782,ios,good
c4187b5e40333472,farmer,expert,bn,17,False,False,190.0,0.88,0.075,web,good
108b4164b3d546b3,artisan,intermediate,hi,16,False,True,241.2,0.84,0.0975609756097561,ios,poor
9f92589d2d89289b,mobile_repair,beginner,ml,1,False,False,127.125,1.0,0.1,android,good
5e347096e728999c,electrician,expert,pa,8,False,False,120.5,0.78,0.08108108108108109,ios,poor
8128e461641996f6,plumber,expert,ml,19,False,True,121.2,0.7,0.09090909090909091,android,good
c67ce519828410ef,artisan,advanced,te,19,False,True,131.25,0.86,0.07142857142857142,ios,good
08a4673e5f69d142,homestay_owner,expert,ta,12,False,False,136.71428571428572,1.0,0.10606060606060606,web,poor
84b83deb931e9109,carpenter,beginner,bn,10,False,True,124.25,0.96,0.11627906976744186,ios,poor
36ed49904ca57308,mason,intermediate,gu,8,False,True,170.0,0.9,0.11363636363636363,web,moderate
4d560a7b249a6cef,welder,beginner,kn,13,False,False,115.66666666666667,0.84,0.047619047619047616,web,poor
e9e9a1bd75017118,artisan,beginner,ml,23,False,False,175.5,0.84,0.16216216216216217,ios,poor
87271e6bc990db1c,welder,intermediate,ta,1,False,False,154.22222222222223,0.82,0.02564102564102564,ios,good
7d3ffa1c8830bfd3,electrician,intermediate,mr,20,False,False,153.0,1.0,0.06666666666666667,web,poor
524f867f34a5bb02,welder,advanced,bn,21,False,True,205.0,0.96,0.020833333333333332,web,good
47fce675a5e8f750,artisan,beginner,mr,5,False,True,104.0,0.84,0.07894736842105263,web,good
dcdc7afc2a9558ae,homestay_owner,beginner,ml,19,False,True,186.875,1.0,0.16,web,good
78062816ac4524fb,homestay_owner,beginner,pa,0,False,False,112.72727272727273,0.76,0.05263157894736842,ios,poor
4deb0b2c72194bcf,appliance_repair,expert,gu,23,False,True,156.0,1.0,0.07017543859649122,web,poor
4762f5651667522f,electrician,expert,ml,18,False,True,149.42857142857142,0.96,0.08695652173913043,ios,moderate
8c2f77be1395a6e4,mobile_repair,intermediate,ml,5,False,False,173.66666666666666,0.96,0.09090909090909091,web,poor
cfa6edfa820fa73e,plumber,intermediate,mr,6,False,True,140.2,0.94,0.043478260869565216,android,poor
8e89b3f8de3decc3,carpenter,beginner,bn,15,False,True,208.0,1.0,0.12962962962962962,android,poor
770ac9ca5d73aa09,mason,expert,pa,18,False,True,166.5,1.0,0.0196078431372549,android,moderate
770589bc7d885e55,welder,intermediate,gu,9,False,True,173.33333333333334,0.92,0.11363636363636363,ios,good
8a2aabff95bfdd86,appliance_repair,intermediate,mr,20,False,False,125.54545454545455,0.88,0.05128205128205128,web,good
e84c0251e44af48d,homestay_owner,expert,mr,16,False,False,175.33333333333334,1.0,0.06666666666666667,web,good
f1eb0690f576dd64,homestay_owner,intermediate,pa,3,False,False,195.0,0.9,0.047619047619047616,ios,poor
55df572e9dec9f41,mason,beginner,en,23,False,False,199.375,0.74,0.05405405405405406,web,moderate
f697ee7a3f2c0f78,welder,beginner,ta,15,False,True,146.44444444444446,0.98,0.10869565217391304,android,moderate
df6d0a92de892963,electrician,intermediate,te,21,False,True,118.14285714285714,1.0,0.0625,ios,good
283b61e6f8df9d03,welder,intermediate,pa,12,False,False,120.5,1.0,0.041666666666666664,ios,poor
8dd3fd2ac3f74f64,appliance_repair,advanced,en,19,False,False,157.55555555555554,1.0,0.08695652173913043,web,good
5201b3ee513b6a5b,welder,intermediate,kn,4,False,False,134.5,1.0,0.11320754716981132,web,poor
e11b23298674d865,plumber,beginner,te,11,False,True,84.0,0.98,0.0,ios,poor
485aaf3de416802f,carpenter,expert,kn,0,False,True,134.22222222222223,1.0,0.019230769230769232,android,moderate
0531a145f147ddb2,welder,expert,hi,21,False,False,144.33333333333334,0.84,0.024390243902439025,android,good
c0030b40658391d0,plumber,intermediate,te,12,False,True,210.3,1.0,0.07547169811320754,android,moderate
9925d4390615eb13,homestay_owner,expert,en,2,False,False,138.11111111111111,1.0,0.09230769230769231,ios,moderate
9e3866c4af9c69d4,mason,intermediate,hi,10,False,True,153.0,1.0,0.0784313725490196,web,poor
ed7d992580edac0f,carpenter,expert,bn,11,False,True,143.57142857142858,0.9,0.045454545454545456,android,good
6b2c8ad9f24d25b3,mason,advanced,te,15,False,False,191.25,1.0,0.09803921568627451,web,poor
c6a25dcde9df6e70,electrician,beginner,ta,21,False,True,146.28571428571428,1.0,0.08064516129032258,ios,poor
689473b943da9af1,electrician,beginner,kn,3,False,False,201.6,1.0,0.10909090909090909,ios,moderate
2ebcc34f1f52328b,plumber,advanced,mr,18,False,False,116.1,1.0,0.019230769230769232,web,poor
7fde5c2da99f139d,welder,advanced,pa,10,False,False,99.33333333333333,0.94,0.0425531914893617,web,good
8280babf5b064d13,mobile_repair,expert,te,4,False,False,197.0,1.0,0.06896551724137931,ios,moderate
307b6462d75bc9ac,homestay_owner,intermediate,ml,14,False,False,158.66666666666666,1.0,0.0784313725490196,ios,moderate
b2630c2477a3dee1,plumber,intermediate,ml,21,False,True,164.625,0.98,0.041666666666666664,android,moderate
d312f9bad253a46e,farmer,beginner,hi,19,False,False,226.0,0.9,0.0,ios,good
a0472389de2f0d2c,mason,intermediate,kn,15,False,False,165.86666666666667,1.0,0.05263157894736842,android,poor
d77ed5ec5dd894aa,artisan,advanced,te,22,False,False,149.22222222222223,1.0,0.0967741935483871,android,poor
8ee6916bff50e9ff,mason,advanced,kn,13,False,True,143.4,0.9,0.11363636363636363,web,moderate
10904f61eb8941ef,electrician,beginner,mr,6,False,False,132.3,1.0,0.10714285714285714,web,good
22c20b1cb69eabeb,appliance_repair,intermediate,bn,23,False,False,143.53846153846155,1.0,0.09375,android,good
9f7cb6fb0df97db2,homestay_owner,beginner,kn,0,False,True,175.625,0.94,0.043478260869565216,web,good
a1eb5d1dfd0aa5e8,appliance_repair,expert,en,0,False,True,121.8,1.0,0.09090909090909091,ios,poor
5df12b4a830b3d2f,electrician,intermediate,ta,8,False,True,121.0,1.0,0.043478260869565216,android,good
8ed05a95b23f6aed,mason,advanced,pa,10,False,False,137.75,0.94,0.022222222222222223,web,poor
402fcd20e4919aca,appliance_repair,advanced,hi,5,False,False,181.6,1.0,0.045454545454545456,web,poor
e23ef069a57c82ad,appliance_repair,beginner,en,15,False,True,218.2,0.76,0.08333333333333333,android,good
3b52a163d16fb847,electrician,intermediate,kn,8,False,True,78.625,0.82,0.02702702702702703,android,good
3d4ae1a175d5a8f8,appliance_repair,intermediate,hi,11,False,False,144.625,0.96,0.08888888888888889,android,good
f43eec2c5d0c5e3b,homestay_owner,advanced,ml,6,False,True,145.25,0.88,0.14634146341463414,android,poor
943be511b18533ed,homestay_owner,beginner,gu,12,False,False,79.44444444444444,1.0,0.03773584905660377,web,moderate
8825900047a1a486,carpenter,advanced,gu,6,False,True,136.0,0.94,0.09523809523809523,ios,poor
a47be2dc11785c67,plumber,intermediate,kn,23,False,False,109.66666666666667,0.78,0.07894736842105263,android,good
595f560858baf84d,mobile_repair,expert,te,7,False,True,176.77777777777777,1.0,0.05555555555555555,android,good
8a6d7d13f1249acb,welder,intermediate,kn,12,False,False,132.0,1.0,0.06779661016949153,ios,good
93c37faaa29e24fe,appliance_repair,intermediate,kn,16,False,False,178.83333333333334,0.94,0.09302325581395349,ios,moderate
b8495bce319c6617,farmer,advanced,mr,13,False,True,179.66666666666666,0.92,0.044444444444444446,web,poor
4c9e745bf02098dc,mason,expert,bn,0,False,False,157.11111111111111,1.0,0.11363636363636363,android,good
eae57219a554764a,mobile_repair,intermediate,ml,3,False,False,106.875,1.0,0.09803921568627451,android,good
b304db80810916d5,appliance_repair,beginner,gu,7,False,False,151.14285714285714,0.98,0.0425531914893617,web,moderate
e6da616a589b44c3,welder,intermediate,gu,16,False,True,176.375,0.9,0.08888888888888889,android,poor
a7e90c09ede73770,homestay_owner,beginner,ta,15,False,True,141.5,1.0,0.07547169811320754,web,moderate
4769834ebdba920f,plumber,advanced,en,14,False,True,109.5,0.86,0.047619047619047616,ios,poor
34fe58d5cba10de4,welder,beginner,en,21,False,False,134.0,0.92,0.08888888888888889,web,moderate
284eaa7dfa054cd4,plumber,intermediate,pa,3,False,True,158.2,0.68,0.0,ios,moderate
2d9f0dc6819e4884,carpenter,beginner,te,5,False,True,135.0,1.0,0.05454545454545454,android,poor
11222f64595d8401,appliance_repair,intermediate,te,21,False,False,187.875,1.0,0.08620689655172414,web,good
6fee80b41774d2c9,mason,expert,hi,16,False,False,207.5,1.0,0.06666666666666667,web,moderate
bace57c110449a6f,farmer,expert,bn,14,False,True,119.125,1.0,0.041666666666666664,web,good
d658f0571bfd8719,carpenter,expert,ta,13,False,True,138.42857142857142,0.76,0.05405405405405406,android,moderate
425c4f5bdfe39b9c,homestay_owner,beginner,te,23,False,True,127.2,1.0,0.018518518518518517,android,poor
a56208c6d86ce69e,carpenter,intermediate,en,15,False,True,108.75,1.0,0.0392156862745098,web,moderate
58ab437f34bff4c4,appliance_repair,expert,mr,12,False,True,195.125,1.0,0.14893617021276595,web,moderate
16650831bef8141a,artisan,expert,kn,21,False,False,142.875,1.0,0.02,ios,poor
2ca9d469feb7728f,electrician,intermediate,mr,4,False,False,108.33333333333333,1.0,0.061224489795918366,android,good
6dd2de6c4110a2b1,mason,advanced,gu,23,False,True,179.57142857142858,1.0,0.08333333333333333,web,good
fdf35df66210f9d2,plumber,intermediate,en,6,False,False,153.92307692307693,1.0,0.03636363636363636,android,moderate
76b065f926d94057,electrician,advanced,ta,15,False,False,78.8,1.0,0.12727272727272726,web,moderate
304071dd85321bc0,welder,advanced,ml,8,False,True,113.25,0.94,0.13333333333333333,ios,moderate
f4ea6fc5305f6bb1,mason,expert,en,19,False,True,150.4,0.98,0.06382978723404255,ios,moderate
3ef4b4a80dd3f5ee,appliance_repair,beginner,bn,6,False,True,290.5,0.84,0.02564102564102564,web,poor
6362feabf182f4ef,plumber,advanced,kn,8,False,False,209.0,0.96,0.0851063829787234,ios,moderate
b5888271af8c4eeb,artisan,beginner,en,22,False,True,129.11111111111111,0.96,0.044444444444444446,android,good
72a1de4f23b1e6da,artisan,advanced,mr,22,False,False,115.83333333333333,0.96,0.06666666666666667,web,good
80325ea34a793bef,electrician,expert,gu,22,False,False,164.4,1.0,0.07692307692307693,android,good
da9837359a3f98f5,mobile_repair,expert,hi,8,False,False,128.11111111111111,1.0,0.11764705882352941,ios,moderate
90216e1423518ad4,electrician,expert,hi,17,False,False,172.14285714285714,1.0,0.06382978723404255,web,poor
ebff08d1e9e3a1f0,plumber,expert,ml,16,False,False,224.5,0.94,0.10638297872340426,web,moderate
ecd389acac8ebf12,mobile_repair,advanced,te,15,False,True,86.2,1.0,0.058823529411764705,web,good
219d2c799f7c52c2,farmer,advanced,ta,23,False,False,117.125,0.9,0.09523809523809523,web,moderate
f104d5281433529b,artisan,intermediate,kn,3,False,True,76.6,1.0,0.04,ios,poor
430a4e4bb84b2d37,plumber,advanced,bn,21,False,True,135.5,1.0,0.05357142857142857,android,good
ee5eb1718f4369a6,artisan,expert,bn,6,False,True,178.16666666666666,1.0,0.09433962264150944,ios,moderate
db9618ab25f25858,carpenter,beginner,bn,3,False,False,215.85714285714286,1.0,0.03636363636363636,web,poor
ac2ccf02cfbd7e69,mason,beginner,hi,16,False,False,179.77777777777777,1.0,0.04081632653061224,ios,moderate
d588e07cff114519,artisan,advanced,te,6,False,False,112.66666666666667,0.82,0.0,web,good
0b7d164723008dc8,appliance_repair,beginner,ml,20,False,False,123.125,1.0,0.09615384615384616,web,good
6dda45dd82837a31,welder,intermediate,bn,4,False,False,129.0,0.88,0.09090909090909091,android,poor
af28e3e137100e76,electrician,expert,pa,20,False,True,202.0,1.0,0.10204081632653061,web,moderate
62e0c7ec3a8b9d69,homestay_owner,intermediate,mr,22,False,True,140.1,1.0,0.09090909090909091,ios,poor
55e50081a0ede6d6,electrician,advanced,hi,4,False,True,152.4,1.0,0.041666666666666664,ios,poor
3aa874be144f3486,mason,expert,bn,21,False,False,153.25,1.0,0.09090909090909091,web,poor
3f558ef42a0f724c,appliance_repair,advanced,ta,8,False,False,144.75,1.0,0.09615384615384616,android,poor
08a790c6c34077a2,mason,advanced,mr,17,False,True,202.125,1.0,0.020833333333333332,ios,good
8a50958759dcffe3,appliance_repair,advanced,mr,0,False,True,207.5,0.94,0.09090909090909091,ios,moderate
8af8b579f71ff237,artisan,intermediate,kn,23,False,True,145.33333333333334,0.94,0.14285714285714285,ios,moderate
a7f36dfbc22fa7bf,artisan,advanced,hi,6,False,True,168.28571428571428,1.0,0.04918032786885246,web,good
42d7a2157e025cdd,mason,advanced,te,14,False,False,127.16666666666667,1.0,0.10204081632653061,web,good
3b58861231747025,mobile_repair,advanced,pa,3,False,True,186.33333333333334,0.96,0.0625,web,poor
6f8b367b8cf9e3e5,electrician,expert,hi,5,False,False,143.375,1.0,0.057692307692307696,web,good
062bdfdc3d862e89,electrician,advanced,hi,9,False,True,202.4,0.66,0.15625,android,good
2295247ecc50d0f0,mobile_repair,expert,mr,18,False,True,156.66666666666666,0.88,0.023809523809523808,android,good
59cc44d78226dd0c,appliance_repair,advanced,mr,7,False,False,149.75,1.0,0.10416666666666667,ios,poor
0b6d0ee724a3f08f,mason,advanced,gu,14,False,False,218.0,1.0,0.2037037037037037,web,good
04797b7e3f0ab974,artisan,expert,pa,7,False,True,124.0,1.0,0.04,ios,moderate
7cf7c7e9e7b97caa,appliance_repair,intermediate,gu,23,False,True,159.0,1.0,0.08064516129032258,web,moderate
bb018c888d488b4b,mobile_repair,expert,pa,21,False,False,175.0,0.66,0.03125,ios,good
b4c2aba350eeaa3e,farmer,beginner,ml,4,False,True,185.4,0.58,0.07407407407407407,android,good
2eb2e1ffc29207a9,appliance_repair,beginner,kn,0,False,False,138.0,0.86,0.02564102564102564,android,good
8910404f67633ab7,appliance_repair,intermediate,hi,21,False,True,158.83333333333334,0.94,0.08888888888888889,web,good
893b2bc39b12fe66,welder,beginner,hi,9,False,False,183.42857142857142,0.86,0.05263157894736842,web,good
bdbdfdb40c70a8a2,homestay_owner,intermediate,hi,22,False,True,174.5,1.0,0.06896551724137931,android,good
0cefd61aaee1e30a,mobile_repair,beginner,hi,8,False,False,151.0,1.0,0.08,android,good
c673dc8503fa6b55,mobile_repair,beginner,pa,17,False,True,114.0,0.72,0.08333333333333333,android,poor
dfe1bf09676abf3d,artisan,expert,kn,13,False,True,177.33333333333334,0.9,0.06818181818181818,web,moderate
e75a4f3ed0f39847,mason,intermediate,te,2,False,True,156.0,1.0,0.08695652173913043,android,good
34154e4335806e7f,welder,beginner,ml,16,False,False,142.5,0.88,0.1590909090909091,web,good
d75b31cdc0ef2e7c,welder,expert,hi,17,False,False,114.44444444444444,1.0,0.06349206349206349,ios,poor
eb8a3c3bcca56de6,homestay_owner,expert,mr,17,False,True,78.27272727272727,1.0,0.08333333333333333,web,poor
347f79c634f52387,farmer,expert,te,5,False,False,241.66666666666666,1.0,0.08163265306122448,android,moderate
6673ac6c4f83993d,electrician,advanced,ta,4,False,True,128.33333333333334,0.86,0.07142857142857142,ios,good
cbaf28d02f69a8dc,mobile_repair,advanced,kn,12,False,True,193.5,0.96,0.08888888888888889,android,poor
ca596891cb6b5bff,mason,expert,pa,11,False,False,150.625,0.92,0.06521739130434782,android,poor
25ae4ca378a3f1a8,homestay_owner,intermediate,ml,6,False,False,133.75,1.0,0.017241379310344827,android,poor
4a1473ac209fb90e,appliance_repair,beginner,bn,18,False,False,135.42857142857142,1.0,0.125,android,good
b40642fb3e114a90,carpenter,advanced,mr,7,False,False,181.46666666666667,1.0,0.0,web,moderate
43bf9246d0e1fe64,electrician,intermediate,pa,4,False,True,202.66666666666666,0.98,0.10416666666666667,web,moderate
4f40603abb3cc251,appliance_repair,advanced,mr,8,False,True,181.75,1.0,0.08333333333333333,ios,poor
bb470a489caf301b,homestay_owner,advanced,gu,3,False,False,111.75,0.94,0.11904761904761904,web,moderate
0098f9dfdc017995,welder,intermediate,ta,13,False,True,49.0,0.86,0.10256410256410256,ios,moderate
8bd30d11035e0933,mobile_repair,expert,en,5,False,True,151.71428571428572,1.0,0.0967741935483871,android,poor
0a0a46a17e664f23,artisan,beginner,mr,6,False,False,141.66666666666666,0.9,0.09090909090909091,android,moderate
60f35865d41e59a2,welder,expert,te,16,False,False,161.625,1.0,0.05357142857142857,web,moderate
b9329cbb43f954d7,carpenter,expert,en,16,False,True,190.5,1.0,0.04,android,moderate
28f34be28cff4ae7,mason,intermediate,hi,6,False,False,130.77777777777777,0.82,0.05128205128205128,web,good
2519743b9b6652aa,homestay_owner,expert,ta,15,False,True,144.66666666666666,1.0,0.038461538461538464,android,good
b1ab9c44e7edacb3,farmer,intermediate,ml,5,False,False,204.75,1.0,0.06666666666666667,web,moderate
9c8852c2431a848a,homestay_owner,intermediate,kn,8,False,True,138.66666666666666,0.84,0.075,ios,poor
e15e446867b8fd52,mobile_repair,intermediate,ml,17,False,False,179.875,1.0,0.10416666666666667,android,poor
d8529f28a679d050,plumber,advanced,te,7,False,False,144.57142857142858,0.92,0.08695652173913043,web,good
d8e97dd8beec5ec6,welder,expert,mr,22,False,False,131.57142857142858,0.92,0.045454545454545456,android,good
e3969ae2abef353c,carpenter,advanced,ml,5,False,False,188.9,1.0,0.08928571428571429,android,good
db59b7dc1b83c60c,appliance_repair,intermediate,bn,5,False,True,141.5,0.92,0.06818181818181818,android,moderate
d85957bb7bb03845,appliance_repair,advanced,bn,21,False,False,103.11111111111111,1.0,0.08163265306122448,ios,moderate
56d17b1619b28fe2,mason,intermediate,mr,17,False,False,231.8,0.92,0.10256410256410256,android,moderate
ca17051fbcfd95ad,homestay_owner,beginner,hi,18,False,False,135.85714285714286,0.88,0.024390243902439025,ios,good
3bc9d991b8c5d5ca,appliance_repair,intermediate,hi,3,False,True,167.42857142857142,0.74,0.11428571428571428,android,moderate
a75d32e42d353d17,welder,expert,hi,19,False,False,81.4,0.68,0.03125,web,good
d6474d406b85ce22,appliance_repair,beginner,hi,14,False,True,208.5,0.96,0.09090909090909091,ios,poor
537568daa5c07511,electrician,advanced,kn,13,False,True,92.3,1.0,0.07142857142857142,web,poor
4c0fac7648b343a1,plumber,advanced,bn,14,False,False,176.8,1.0,0.14583333333333334,web,moderate
c2106e728717f7f9,homestay_owner,intermediate,en,5,False,True,149.4,0.84,0.0,android,good
a2eb05624a6d88ba,farmer,intermediate,mr,5,False,True,176.71428571428572,1.0,0.03333333333333333,android,poor
b1e35b0791514c8b,carpenter,advanced,en,19,False,False,176.0,0.98,0.04081632653061224,android,good
54f704ead1c9ff40,artisan,advanced,bn,5,False,False,157.4,0.78,0.1111111111111111,ios,poor
d6c31c88f0749869,plumber,intermediate,en,6,False,True,120.33333333333333,0.98,0.125,ios,moderate
05f5250ebd65c8e4,mason,expert,pa,4,False,False,136.0,1.0,0.07017543859649122,android,poor
7f2f3af64ad353ba,mobile_repair,advanced,te,10,False,False,162.16666666666666,0.8,0.0,ios,moderate
8b54665e6c46ffb3,welder,expert,ml,12,False,False,172.71428571428572,0.96,0.045454545454545456,web,moderate
583d5b51d2aecd41,carpenter,beginner,gu,17,False,True,139.0,0.98,0.04081632653061224,android,moderate
f0515504fd6e9b4e,mason,expert,hi,0,False,True,154.5,0.86,0.1951219512195122,android,moderate
bdbfa3506115aaa3,farmer,beginner,mr,9,False,True,116.75,0.92,0.12195121951219512,android,poor
4e1ac61cbe0e4941,mobile_repair,expert,ta,7,False,True,107.78571428571429,1.0,0.1016949152542373,web,good
070fc22444def989,farmer,advanced,kn,0,False,True,69.0,0.96,0.041666666666666664,web,good
d715685f17fd4d4f,electrician,advanced,gu,20,False,False,144.64285714285714,1.0,0.08,web,good
ad8d39472148de04,artisan,intermediate,kn,10,False,False,243.0,1.0,0.07692307692307693,ios,moderate
363b09be9d93762c,welder,beginner,pa,3,False,True,183.0,1.0,0.1590909090909091,android,poor
0e62f85bb1ea4d7a,mason,expert,pa,18,False,False,108.0909090909091,1.0,0.05172413793103448,android,moderate
4a7194f76b42cd5f,appliance_repair,advanced,mr,19,False,True,85.0,0.98,0.10638297872340426,ios,poor
1fbcecaee5078c7a,plumber,intermediate,te,1,False,True,93.88888888888889,0.92,0.16279069767441862,ios,moderate
bb1b5847d12c6f28,farmer,beginner,bn,6,False,False,167.0,0.84,0.07317073170731707,ios,poor
de238f06cc548cf9,appliance_repair,intermediate,ta,22,False,True,176.0,1.0,0.05660377358490566,ios,good
ac36cf5a024f037e,artisan,expert,hi,5,False,False,166.8,0.9,0.1590909090909091,android,moderate
48f7392b98a7f125,mobile_repair,advanced,bn,10,False,False,137.5,1.0,0.08064516129032258,android,good
358169d79c4d53ab,plumber,intermediate,hi,22,False,False,169.0,0.98,0.10638297872340426,web,moderate
2ef4506d9160143d,mobile_repair,advanced,ml,8,False,True,152.0,1.0,0.061224489795918366,android,poor
d5efb1582d8f468a,farmer,expert,gu,18,False,False,139.625,1.0,0.0784313725490196,web,moderate
d90840959c7a282e,plumber,expert,hi,3,False,True,116.58333333333333,1.0,0.020833333333333332,ios,good
ef4de9182edc7576,mobile_repair,beginner,kn,0,False,False,114.375,1.0,0.038461538461538464,android,poor
96c7bf4f2a0c1dcd,mason,advanced,bn,7,False,False,91.8,0.72,0.14285714285714285,web,good
c243e9316b0167e4,mobile_repair,expert,mr,17,False,False,208.75,0.98,0.04081632653061224,android,moderate
0a5f8f800138cf36,electrician,advanced,ta,4,False,True,253.66666666666666,0.74,0.10810810810810811,ios,good
59c98714ea0464b5,carpenter,intermediate,mr,0,False,True,166.3,1.0,0.03333333333333333,android,poor
aff5fbc40a00f516,electrician,advanced,gu,12,False,False,199.25,1.0,0.12244897959183673,ios,poor
944b9d16f48e27c6,welder,beginner,ml,16,False,True,179.2,1.0,0.041666666666666664,android,poor
bf275c471eb91a8a,mason,beginner,ml,20,False,False,180.75,0.82,0.04878048780487805,android,moderate
be0beb2f57eed6e5,mobile_repair,intermediate,mr,17,False,True,116.22222222222223,1.0,0.057692307692307696,android,poor
0fc4d5aa2e5cdc97,appliance_repair,expert,ml,10,False,True,107.25,0.88,0.11363636363636363,ios,good
6d344245b89d2a16,farmer,intermediate,ml,22,False,True,122.55555555555556,1.0,0.11864406779661017,android,poor
296f6f8c6543be58,plumber,beginner,bn,21,False,True,150.0,1.0,0.02040816326530612,web,poor
789f64ccc55549f6,appliance_repair,advanced,gu,22,False,True,95.4,0.84,0.047619047619047616,android,poor
cc70539d46139c0d,mobile_repair,intermediate,pa,12,False,True,235.42857142857142,1.0,0.05084745762711865,android,good
927d26099b058146,mobile_repair,beginner,pa,15,False,True,111.5,0.98,0.10638297872340426,ios,moderate
d3245e09d4400884,plumber,intermediate,ml,14,False,False,147.28571428571428,1.0,0.08,web,good
9d6d8e92be83107b,carpenter,expert,mr,10,False,True,161.63636363636363,0.88,0.046511627906976744,web,good
c54595db37a4f8a3,homestay_owner,expert,mr,21,False,True,81.33333333333333,0.62,0.06896551724137931,android,moderate
f1e63236441e53ae,artisan,advanced,en,5,False,False,116.0,0.98,0.1702127659574468,web,moderate
417591d00f31ff48,homestay_owner,advanced,bn,0,False,True,109.0,0.84,0.023809523809523808,web,poor
2bdd56d886469a15,homestay_owner,beginner,te,10,False,True,198.0,0.94,0.022727272727272728,android,good
0bb5f59b6a6ada94,appliance_repair,beginner,te,23,False,False,188.375,0.9,0.13636363636363635,android,good
41fa2de1f643a8c0,electrician,beginner,hi,19,False,True,128.0,1.0,0.13725490196078433,ios,moderate
3cdda6fae777947d,farmer,expert,ml,0,False,True,187.88888888888889,1.0,0.03333333333333333,web,poor
7b842651a0666ecb,artisan,expert,mr,13,False,False,130.42857142857142,1.0,0.08,ios,poor
df15223f62346a7a,homestay_owner,beginner,ta,3,False,True,171.14285714285714,0.98,0.10416666666666667,web,good
f15a475209d2bd4d,farmer,expert,en,16,False,True,69.0,0.94,0.06382978723404255,android,moderate
5d0aa5902499debc,plumber,advanced,ta,5,False,True,215.75,0.78,0.10526315789473684,android,good
d7b2b95a787db805,electrician,expert,ml,16,False,False,141.57142857142858,0.98,0.10869565217391304,ios,poor
b67bd5b5ffba4d39,appliance_repair,advanced,ta,18,False,True,148.9090909090909,1.0,0.0196078431372549,web,moderate
579e59c909220864,mason,intermediate,pa,8,False,False,150.9,0.86,0.14285714285714285,ios,poor
c2790fba911c58c6,plumber,intermediate,gu,2,False,False,193.4,0.98,0.02127659574468085,web,moderate
38243fbb9f40b1fd,mason,intermediate,bn,10,False,True,97.25,1.0,0.061224489795918366,ios,moderate
41c825375e8a98a7,mason,advanced,ml,15,False,False,137.125,1.0,0.044444444444444446,android,poor
e4411ec769c1f9c7,carpenter,expert,kn,16,False,True,174.0909090909091,1.0,0.12244897959183673,android,good
57b2923ad56d4e4b,electrician,beginner,mr,5,False,True,139.14285714285714,0.9,0.09090909090909091,web,moderate
b88375dfbe0512ae,carpenter,beginner,gu,0,False,False,155.11111111111111,1.0,0.1016949152542373,web,good
e8b596b0f06581d4,electrician,expert,te,5,False,False,117.0,1.0,0.020833333333333332,ios,good
f925482c7ada340b,electrician,intermediate,ml,10,False,True,200.4,0.94,0.06818181818181818,web,poor
c44223507be60842,plumber,beginner,te,2,False,True,179.875,1.0,0.06666666666666667,android,poor
3525f9b9652ad589,plumber,advanced,gu,20,False,True,144.4,0.82,0.05128205128205128,ios,good
6925ad8ca93681a2,mobile_repair,beginner,bn,18,False,True,147.85714285714286,1.0,0.15517241379310345,web,poor
6f559223942ef419,homestay_owner,expert,kn,16,False,False,86.8,1.0,0.037037037037037035,android,poor
c4e013c4beb6eaa4,mason,expert,bn,18,False,False,134.9090909090909,0.78,0.05128205128205128,web,poor
f35d68d9e9bfd7f4,carpenter,intermediate,gu,21,False,False,165.33333333333334,0.84,0.13157894736842105,ios,poor
4f4cfabe7f5f77c0,homestay_owner,advanced,ml,18,False,True,133.83333333333334,0.86,0.046511627906976744,ios,poor
4c8f526e9659750f,mobile_repair,advanced,kn,17,False,True,77.2,1.0,0.09803921568627451,android,poor
c8cdcf12a99703bd,plumber,advanced,kn,5,False,True,183.4,1.0,0.07692307692307693,android,good
d48b8bcb95870cc9,carpenter,expert,gu,1,False,False,189.625,0.96,0.1702127659574468,web,good
52bb8e8572dd6dd4,artisan,intermediate,gu,3,False,False,246.0,0.78,0.07692307692307693,android,moderate
e75f8e1077aea13f,appliance_repair,advanced,mr,8,False,False,221.25,1.0,0.125,ios,moderate
f528c7ca8913e9e4,carpenter,expert,en,11,False,False,191.4,0.76,0.027777777777777776,android,poor
b6c6ab6f783ddf0f,artisan,intermediate,ta,4,False,True,154.66666666666666,1.0,0.10204081632653061,android,poor
5d12ec6aa5110cdb,welder,intermediate,mr,19,False,True,143.0,0.84,0.0,ios,moderate
b1ab27731f045d4d,mason,beginner,ml,0,False,True,195.25,0.86,0.0,android,good
3f8863bb54657bc2,mobile_repair,beginner,te,15,False,False,87.71428571428571,1.0,0.08928571428571429,web,moderate
4bc168bbc708f9f5,mobile_repair,advanced,kn,21,False,True,186.33333333333334,1.0,0.04,web,poor
71e0062a4ea8ce7a,homestay_owner,expert,en,10,False,False,182.125,1.0,0.11320754716981132,ios,poor
6f6fc3a1c6b29f6c,welder,expert,pa,15,False,True,151.33333333333334,1.0,0.0196078431372549,android,poor
dbd3372ab7b4f8c5,welder,advanced,kn,12,False,True,194.5,0.84,0.0975609756097561,android,poor
2d2d49111f15dd61,welder,intermediate,te,4,False,False,219.125,0.96,0.15217391304347827,web,good
85211b6c3bcdfecd,artisan,expert,bn,2,False,True,157.5,0.82,0.075,web,moderate
00f91490a27deaa2,appliance_repair,beginner,kn,23,False,True,122.2,0.88,0.05128205128205128,web,poor
f084c0388feb4ce8,farmer,beginner,hi,3,False,True,65.8,1.0,0.05454545454545454,ios,moderate
5697d9d9a1c654e4,plumber,expert,bn,4,False,False,128.5,1.0,0.07017543859649122,android,moderate
fe3d7c71a834d6ed,plumber,expert,mr,10,False,True,131.5,0.8,0.10526315789473684,web,moderate
a68da8c02cb146e4,homestay_owner,beginner,bn,13,False,True,138.45454545454547,1.0,0.09722222222222222,web,good
b9ba2fd5345a56d4,mobile_repair,advanced,hi,21,False,False,136.0,1.0,0.0625,ios,good
a0c882f493238d09,plumber,advanced,hi,17,False,False,138.3,0.8,0.07692307692307693,web,moderate
e86d8b19896c818f,welder,beginner,ml,18,False,True,171.77777777777777,1.0,0.03508771929824561,web,moderate
7efc78f036640fde,appliance_repair,intermediate,pa,11,False,True,154.2,1.0,0.01818181818181818,ios,poor
c0e4da689dcaaa99,artisan,expert,ml,16,False,True,184.25,1.0,0.11320754716981132,ios,good
2809f6ab948d9053,mason,intermediate,bn,15,False,False,156.3,0.94,0.044444444444444446,android,moderate
3668b00acc49eb24,carpenter,expert,hi,10,False,True,168.2,0.68,0.058823529411764705,ios,moderate
6af7fa16a38cb860,electrician,intermediate,te,12,False,False,152.2,1.0,0.058823529411764705,ios,moderate
12dd17fac59b4da2,mobile_repair,advanced,gu,1,False,True,121.33333333333333,1.0,0.058823529411764705,ios,moderate
9d50ed0c9e1f2c44,carpenter,beginner,ta,13,False,True,177.0,0.88,0.047619047619047616,ios,moderate
e7773e660697c3be,artisan,beginner,bn,3,False,False,57.0,0.84,0.07142857142857142,ios,moderate
6f4dcd72d59df53e,appliance_repair,expert,gu,5,False,True,138.28571428571428,0.86,0.07142857142857142,web,poor
11dcfe13d92f5229,carpenter,intermediate,ml,14,False,False,122.85714285714286,1.0,0.13793103448275862,web,poor
40f60056a3ee8a6c,electrician,expert,en,21,False,False,219.9,1.0,0.041666666666666664,ios,poor
c8d39d7ac368096c,plumber,expert,te,18,False,True,103.33333333333333,1.0,0.06382978723404255,web,moderate
49051db1bd071d8d,appliance_repair,intermediate,gu,21,False,True,140.88888888888889,1.0,0.12,web,poor
dfdd0f81c50f6c51,appliance_repair,intermediate,en,21,False,True,220.85714285714286,0.9,0.08888888888888889,web,poor
544d3e2031be8a96,farmer,expert,ta,20,False,False,155.46153846153845,1.0,0.09230769230769231,ios,poor
3b0105598b5911aa,plumber,beginner,te,23,False,False,133.5,1.0,0.13725490196078433,web,good
0893f85277305734,plumber,intermediate,bn,0,False,True,158.125,0.98,0.043478260869565216,web,poor
a3d18fa03a6b5078,plumber,intermediate,mr,10,False,False,116.28571428571429,1.0,0.043478260869565216,ios,poor
83e5f6b34f6e157f,carpenter,intermediate,hi,14,False,False,173.88888888888889,1.0,0.020833333333333332,ios,poor
11b80c1e62a4308f,electrician,beginner,bn,19,False,False,137.46153846153845,1.0,0.1016949152542373,ios,poor
6774c522ed0638cf,carpenter,expert,pa,22,False,True,176.6,1.0,0.017241379310344827,android,poor
1f6ce8dfa1823d67,plumber,expert,pa,9,False,False,199.5,1.0,0.08620689655172414,web,good
d3f6ec1e6ea1dc4b,farmer,intermediate,en,8,False,False,139.28571428571428,0.96,0.0851063829787234,web,good
2503f2123764e730,plumber,expert,mr,16,False,True,133.625,0.94,0.044444444444444446,android,moderate
f742937f4a569a49,mobile_repair,beginner,te,16,False,False,180.42857142857142,0.92,0.046511627906976744,ios,good
dc33a9a2492c8a1b,artisan,beginner,te,22,False,False,92.42857142857143,1.0,0.07547169811320754,ios,moderate
edee2d3064948fad,homestay_owner,expert,ml,10,False,True,181.22222222222223,0.86,0.05,web,good
fe7fdaa894f46b64,farmer,beginner,mr,8,False,True,127.125,0.96,0.06666666666666667,ios,poor
3e9c7b2e311688c2,electrician,beginner,mr,3,False,True,186.25,0.96,0.0425531914893617,web,good
7ebcefd3711d99af,electrician,advanced,en,13,False,True,143.0,1.0,0.0784313725490196,web,good
4084a9b997b29b35,electrician,advanced,gu,5,False,False,195.83333333333334,0.78,0.02564102564102564,android,good
4c44e3da1d6405cc,plumber,advanced,gu,9,False,False,99.85714285714286,0.98,0.08333333333333333,android,poor
981ec3248fa284cf,artisan,beginner,hi,9,False,True,213.8,0.88,0.0975609756097561,android,moderate
979818677b081aec,appliance_repair,expert,mr,12,False,True,144.28571428571428,1.0,0.09803921568627451,web,moderate
83dc886b52057a73,homestay_owner,advanced,ta,23,False,False,107.875,0.96,0.06666666666666667,ios,moderate
a4548ee4267c8e41,artisan,beginner,ta,14,False,True,53.8,1.0,0.06896551724137931,android,poor
17f9cf3dfcc74a7f,carpenter,advanced,te,21,False,False,87.375,1.0,0.11864406779661017,android,good
3b9d9ad1aeb1cb0c,appliance_repair,intermediate,ta,19,False,True,108.8,0.94,0.0,ios,good
117c4999010f23a8,appliance_repair,beginner,kn,5,False,False,153.33333333333334,1.0,0.1016949152542373,ios,good
a5b63f6c5919b4e5,electrician,intermediate,ml,0,False,False,172.14285714285714,1.0,0.038461538461538464,ios,poor
7a0b5d5ee2a06c18,plumber,intermediate,ta,18,False,True,178.0,1.0,0.0392156862745098,ios,moderate
8cca6cff99da58f2,carpenter,intermediate,hi,17,False,False,256.25,0.84,0.07894736842105263,android,poor
ae4671e45c2f9974,plumber,intermediate,hi,18,False,True,156.625,1.0,0.1346153846153846,web,good
63adc43c4aa67d0e,electrician,intermediate,kn,12,False,False,124.0,0.9,0.06818181818181818,ios,moderate
e66860741f912eef,plumber,beginner,pa,21,False,False,136.5,1.0,0.038461538461538464,web,poor
41daaa82fdcb5434,mobile_repair,intermediate,mr,1,False,True,135.0,0.74,0.05714285714285714,ios,moderate
1514aa7197e1f260,appliance_repair,expert,hi,13,False,True,48.8,0.96,0.08333333333333333,ios,good
f9253fb8d17ce564,mobile_repair,beginner,en,14,False,False,149.57142857142858,1.0,0.06382978723404255,ios,poor
c9e10bd502ab0b27,plumber,advanced,te,15,False,True,98.33333333333333,0.98,0.022727272727272728,web,poor
58675699d937756b,plumber,expert,kn,19,False,True,161.57142857142858,0.9,0.21951219512195122,ios,good
b3662fe120335178,welder,expert,en,14,False,True,88.6,0.94,0.09302325581395349,ios,poor
2e18064f64e88053,mobile_repair,beginner,gu,18,False,False,173.33333333333334,1.0,0.05660377358490566,android,moderate
4b60b3d2162beba2,mason,intermediate,bn,15,False,True,143.33333333333334,1.0,0.04,web,moderate
ffa4e15e45c735aa,electrician,beginner,mr,23,False,True,147.0909090909091,1.0,0.02,ios,moderate
ef5d3c65d5e4e8a8,mobile_repair,advanced,kn,2,False,False,190.0,1.0,0.19607843137254902,web,good
61032cff29dd5c9a,carpenter,beginner,hi,23,False,False,174.4,1.0,0.058823529411764705,android,good
74551bca3712200d,mobile_repair,advanced,bn,16,False,False,213.5,0.8,0.15384615384615385,android,moderate
d6f698b1065b6e36,homestay_owner,intermediate,ml,9,False,True,100.33333333333333,0.78,0.08571428571428572,android,moderate
4acf00f5a0915a8b,plumber,beginner,bn,7,False,True,136.92307692307693,1.0,0.125,web,good
d7d2c2d8b6928f9f,artisan,beginner,bn,1,False,True,122.16666666666667,1.0,0.08,web,moderate
ea9709b46a8c1a74,homestay_owner,intermediate,en,16,False,False,106.33333333333333,0.84,0.047619047619047616,android,poor
e4f98d25a6b07f38,mason,expert,bn,3,False,False,161.33333333333334,0.86,0.07142857142857142,android,poor
46d3a3b7d1399281,mason,intermediate,gu,21,False,False,146.30769230769232,1.0,0.08333333333333333,android,moderate
3f2bbf896cb2a365,welder,advanced,ml,19,False,True,130.77777777777777,1.0,0.03636363636363636,android,good
c0f5f3bc517f18f0,plumber,intermediate,hi,22,False,True,84.8,0.66,0.0967741935483871,android,moderate
83f0c7ad20476eec,carpenter,beginner,gu,16,False,True,135.875,0.92,0.022222222222222223,web,good
62e2a0d840150cde,mobile_repair,beginner,kn,6,False,False,160.28571428571428,1.0,0.03508771929824561,android,good
fc730b36d24fabdb,electrician,advanced,ta,10,False,False,172.5,0.82,0.07692307692307693,web,poor
da2d5891bdd4254d,mobile_repair,expert,en,20,False,False,147.88888888888889,1.0,0.1509433962264151,web,moderate
39c577ffb06ff1db,welder,advanced,bn,6,False,False,196.5,1.0,0.12698412698412698,android,good
0b532e9639c4516c,artisan,advanced,ta,20,False,False,138.0,0.88,0.047619047619047616,web,moderate
811432c910a2056a,mobile_repair,intermediate,en,12,False,False,114.5,1.0,0.06896551724137931,android,moderate
b33eb6a13ffadf16,carpenter,intermediate,pa,15,False,True,173.77777777777777,1.0,0.03225806451612903,ios,good
dacffe13b444bd3b,plumber,advanced,en,0,False,True,143.41666666666666,1.0,0.03636363636363636,ios,poor
517844d42f4dab9b,welder,intermediate,mr,14,False,False,164.25,0.92,0.1111111111111111,ios,poor
e2afa73847a41064,welder,beginner,te,13,False,False,130.0,1.0,0.1111111111111111,android,poor
d4954496dfe330be,electrician,intermediate,hi,11,False,False,181.6,1.0,0.03571428571428571,android,good
0accd2995d175a99,mason,expert,ta,19,False,False,119.88888888888889,0.98,0.08333333333333333,android,moderate
e7cf39c99cad06d6,farmer,intermediate,pa,7,False,False,94.85714285714286,0.94,0.08888888888888889,web,moderate
6553267a1202392c,homestay_owner,expert,te,0,False,True,183.16666666666666,0.74,0.027777777777777776,ios,poor
4dbf195519be193e,carpenter,expert,mr,2,False,True,145.0,0.92,0.045454545454545456,web,moderate
0b5f3dc4cdf69c72,appliance_repair,beginner,ml,13,False,False,123.81818181818181,1.0,0.061224489795918366,ios,poor
f7e1208c5c9f8c5c,mobile_repair,intermediate,te,10,False,False,159.57142857142858,0.96,0.045454545454545456,android,poor
0adf15864426d755,carpenter,advanced,en,4,False,False,161.0,0.92,0.0,ios,good
4b80761977724502,homestay_owner,advanced,en,8,False,False,176.5,0.94,0.044444444444444446,web,good
21e032a655d1dcd6,carpenter,expert,mr,21,False,True,122.0,0.94,0.09302325581395349,web,poor
2a065fe16b6e4188,artisan,advanced,pa,20,False,False,181.46153846153845,1.0,0.06451612903225806,ios,moderate
e82faf76b839b9e1,artisan,beginner,pa,12,False,True,180.16666666666666,1.0,0.038461538461538464,ios,good
23c6332ced9ae68c,mobile_repair,advanced,en,11,False,True,121.14285714285714,0.98,0.0425531914893617,ios,moderate
b6b41ba156220a5c,electrician,intermediate,kn,9,False,True,152.0,1.0,0.08771929824561403,web,poor
d5938e42fc2a2287,carpenter,intermediate,en,23,False,True,135.5,1.0,0.05555555555555555,web,poor
49025771ad518296,mason,advanced,kn,17,False,True,121.2,1.0,0.03333333333333333,ios,good
9d966240c27265ca,plumber,expert,mr,0,False,True,222.8,1.0,0.08695652173913043,ios,good
6cd274d62d6ce537,homestay_owner,beginner,kn,15,False,True,151.85714285714286,0.92,0.09523809523809523,android,poor
a55507084eed98dc,carpenter,intermediate,bn,20,False,True,112.71428571428571,1.0,0.018867924528301886,web,good
1eab8ab505c012c9,carpenter,beginner,ta,6,False,False,110.77777777777777,0.96,0.125,ios,moderate
07e6426c0b99f21f,appliance_repair,advanced,te,9,False,False,108.28571428571429,1.0,0.08333333333333333,web,moderate
51ad85bb02dc1181,appliance_repair,advanced,bn,16,False,False,193.25,0.98,0.020833333333333332,web,poor
84ad7442880089f2,carpenter,beginner,kn,18,False,True,188.25,0.96,0.08888888888888889,ios,moderate
29baceaa4aa7e4e3,farmer,intermediate,pa,20,False,True,172.2,1.0,0.0625,android,poor
9b1f34bf8b4e087f,plumber,intermediate,ml,1,False,False,170.42857142857142,1.0,0.04081632653061224,web,poor
6092e96244eabe4d,carpenter,expert,ml,7,False,True,130.85714285714286,0.78,0.10810810810810811,web,good
29b41e2d3eca491a,artisan,beginner,bn,6,False,False,160.66666666666666,0.84,0.07317073170731707,android,moderate
bc0ba5b31bb196eb,mobile_repair,expert,mr,3,False,True,103.0,1.0,0.09615384615384616,web,moderate
239bf48f8aa794a7,homestay_owner,beginner,bn,19,False,False,56.8,0.68,0.058823529411764705,web,good
4360494937646788,plumber,advanced,pa,14,False,True,119.72727272727273,1.0,0.08196721311475409,web,poor
792b8cc575a2bcdc,electrician,advanced,bn,23,False,True,152.5,1.0,0.09615384615384616,android,moderate
274e13f60297fdec,artisan,expert,pa,16,False,True,90.33333333333333,0.96,0.0625,ios,moderate
64b2a6b922bf0138,carpenter,intermediate,bn,18,False,False,133.2,0.96,0.10869565217391304,android,good
0ee1950476f6a7af,appliance_repair,intermediate,gu,17,False,True,100.0,1.0,0.08196721311475409,android,poor
0c521c5e62f7b376,plumber,intermediate,mr,13,False,False,176.6,1.0,0.05,web,good
2f3fd2077c559f1a,farmer,intermediate,bn,15,False,False,161.5,0.96,0.0425531914893617,ios,poor
0cef8351e5caa495,farmer,beginner,ta,13,False,False,145.0,1.0,0.02040816326530612,web,good
7831f108d8c6c5df,welder,expert,ta,21,False,True,159.88888888888889,1.0,0.17307692307692307,android,poor
ac3f985640265277,appliance_repair,advanced,bn,11,False,True,137.0,0.82,0.025,android,moderate
ea9cbd6284f27f63,homestay_owner,advanced,ta,11,False,False,161.0,0.8,0.1282051282051282,android,moderate
b9ed70c16d16724e,artisan,beginner,te,23,False,True,142.2,0.84,0.0975609756097561,ios,good
4717b0bdef08342f,electrician,beginner,kn,17,False,True,109.5,1.0,0.03571428571428571,ios,good
a89883943dc401ae,farmer,beginner,gu,16,False,True,118.11111111111111,0.96,0.10638297872340426,ios,moderate
1162be773efa7a1b,farmer,expert,en,17,False,True,150.0,1.0,0.10416666666666667,ios,good
fef3859cfc53dc8f,mason,intermediate,ta,19,False,False,183.75,1.0,0.07547169811320754,web,poor
e2688c35414c8c73,carpenter,beginner,te,21,False,False,203.5,1.0,0.09803921568627451,android,good
4fba35f597539fd9,farmer,intermediate,ta,8,False,True,157.72727272727272,0.96,0.043478260869565216,ios,poor
faaefb6937fd4b50,appliance_repair,advanced,bn,1,False,True,111.2,0.98,0.06666666666666667,ios,poor
b653dc438a8b7d1c,homestay_owner,intermediate,en,14,False,True,144.625,1.0,0.1111111111111111,web,poor
0b288c82a95858c4,carpenter,advanced,kn,6,False,True,184.75,0.94,0.10869565217391304,ios,poor
804b5dedca9c3def,farmer,advanced,gu,16,False,False,169.6,0.96,0.08695652173913043,web,good
ce1c82354b2fa53d,plumber,intermediate,ta,11,False,True,178.4,0.88,0.09523809523809523,web,poor
386dfa7d3c5c489e,homestay_owner,intermediate,ta,12,False,False,127.11111111111111,1.0,0.08163265306122448,web,moderate
e05e01b138cda960,carpenter,beginner,gu,5,False,True,161.54545454545453,1.0,0.09803921568627451,web,poor
b33f9339995f8d65,artisan,beginner,bn,5,False,False,190.42857142857142,1.0,0.14,android,moderate
3166d49d6ac60d16,welder,advanced,pa,19,False,True,108.5,0.96,0.07317073170731707,ios,moderate
cdd97889113d1748,mobile_repair,beginner,kn,16,False,False,105.8,0.86,0.1,ios,poor
7d382b93a868363d,carpenter,intermediate,gu,21,False,True,186.0,1.0,0.14,android,good
629fd69ef63cd3f1,artisan,advanced,bn,22,False,True,140.2,1.0,0.06,android,good
96bf18276e55ffa0,mobile_repair,advanced,te,6,False,False,187.14285714285714,0.96,0.06521739130434782,web,moderate
6508c00d0ccc5183,mason,intermediate,mr,0,False,False,165.4,1.0,0.041666666666666664,android,good
e0d2b7b51f59bb81,carpenter,beginner,ta,5,False,False,97.55555555555556,0.96,0.045454545454545456,ios,poor
30c15529e9b6b557,farmer,expert,mr,7,False,True,134.3125,1.0,0.03636363636363636,web,moderate
f284307ed8e42599,electrician,advanced,ml,20,False,True,144.0,1.0,0.0625,ios,poor
81fffe97cd97a1d9,plumber,intermediate,en,4,False,True,146.5,1.0,0.08,ios,poor
33e54eaeab0d07fc,carpenter,intermediate,hi,17,False,False,93.0,1.0,0.06382978723404255,web,moderate
5ef79e34636064d0,homestay_owner,expert,mr,11,False,True,195.5,1.0,0.10416666666666667,android,moderate
d94869e3680cf687,homestay_owner,intermediate,mr,8,False,False,211.5,1.0,0.0851063829787234,ios,moderate
79d71f7350a120db,welder,advanced,en,16,False,False,84.45454545454545,0.96,0.0425531914893617,ios,moderate
e8c81fc9c76ff066,appliance_repair,beginner,kn,8,False,True,130.8,1.0,0.03773584905660377,android,good
882685a07dac6044,homestay_owner,beginner,hi,15,False,True,158.66666666666666,1.0,0.057692307692307696,ios,poor
63cba9d8fc2c32bf,electrician,expert,pa,23,False,True,119.4,0.98,0.06521739130434782,ios,moderate
3b3b0e08d46a56be,carpenter,intermediate,en,5,False,False,23.0,0.82,0.02631578947368421,web,good
9c10065140eaa12c,mason,intermediate,bn,15,False,True,149.42857142857142,0.92,0.046511627906976744,android,moderate
d6b5e0a799ff2540,welder,intermediate,bn,1,False,True,91.66666666666667,0.98,0.10638297872340426,web,poor
32b825310187401d,welder,expert,mr,5,False,True,94.6,1.0,0.057692307692307696,web,moderate
cde8d364d0d8f1de,electrician,expert,mr,1,False,True,125.33333333333333,1.0,0.0851063829787234,web,good
c7f07543ad40fe60,homestay_owner,intermediate,gu,23,False,True,142.4,0.92,0.043478260869565216,web,poor
4bdf3409a19ae03e,homestay_owner,expert,hi,23,False,False,170.75,0.94,0.06666666666666667,web,good
a123321014b13378,artisan,beginner,pa,7,False,True,129.8,0.76,0.05555555555555555,android,moderate
3dfaaa0978f96406,carpenter,intermediate,en,3,False,True,147.0,1.0,0.08163265306122448,ios,moderate
146731a70b11461e,carpenter,advanced,kn,17,False,False,174.625,1.0,0.058823529411764705,ios,good
8a5d533926a6ae87,plumber,expert,gu,1,False,False,133.5,1.0,0.06521739130434782,ios,poor
993f8459df69e558,farmer,advanced,te,21,False,False,157.55555555555554,1.0,0.14035087719298245,web,moderate
d9000288d67c661c,farmer,advanced,ta,23,False,False,147.0,1.0,0.07142857142857142,ios,moderate
ede38e035d0cba5d,welder,expert,en,15,False,False,198.0,0.96,0.08695652173913043,android,good
88bcb957b5576e1c,carpenter,advanced,ml,5,False,False,167.6,1.0,0.12,android,poor
5c1456874b65e825,homestay_owner,expert,hi,4,False,True,91.83333333333333,1.0,0.07407407407407407,android,poor
57807dd7d74de325,carpenter,intermediate,bn,2,False,False,131.46153846153845,1.0,0.03508771929824561,ios,poor
d41767f70cfab135,welder,beginner,ta,14,False,False,132.875,1.0,0.06,android,moderate
6c3cfa92d862e1b9,electrician,beginner,kn,5,False,False,195.57142857142858,0.9,0.06666666666666667,android,good
4f9cd8ae1a860f38,farmer,intermediate,mr,5,False,False,103.57142857142857,1.0,0.0,android,moderate
44f0fc0daa3db3cf,electrician,beginner,te,15,False,True,167.33333333333334,1.0,0.03773584905660377,android,moderate
1b9745149e07392a,electrician,intermediate,ml,18,False,True,173.0,1.0,0.08333333333333333,ios,poor
49af7e36e9e105bb,carpenter,expert,gu,1,False,False,209.55555555555554,0.96,0.06521739130434782,ios,moderate
349aee711e0c9dad,appliance_repair,beginner,bn,5,False,False,198.27272727272728,1.0,0.04918032786885246,web,good
f463910089b966ea,plumber,beginner,te,2,False,True,234.42857142857142,1.0,0.08333333333333333,android,moderate
23c30377c35b347c,carpenter,intermediate,ta,12,False,True,196.42857142857142,0.92,0.11627906976744186,web,poor
d5d7be25bb8fbe4c,homestay_owner,advanced,pa,0,False,False,151.0,1.0,0.0847457627118644,web,good
858d6a6fd3eda9d5,welder,expert,ta,21,False,False,124.33333333333333,1.0,0.03508771929824561,web,good
7135fa28c9b1e6f1,mason,advanced,mr,19,False,False,109.5,0.72,0.05714285714285714,web,moderate
92e27cb6c659806e,welder,expert,ta,2,False,False,170.72727272727272,0.96,0.09523809523809523,web,moderate
60ea54fbdd5112ae,carpenter,advanced,en,7,False,True,157.5,1.0,0.06666666666666667,web,poor
aca585dd2ea6cacd,carpenter,expert,bn,16,False,False,164.88888888888889,1.0,0.08163265306122448,web,moderate
7a3be7fe578c0056,mobile_repair,expert,gu,23,False,True,191.6,0.96,0.044444444444444446,android,good
d49e83ef6cbe2716,welder,beginner,hi,4,False,True,115.77777777777777,0.98,0.08695652173913043,web,poor
98559aa8a37cdb23,mason,beginner,mr,0,False,True,120.14285714285714,1.0,0.08,android,good
899463c7ecaa68f2,homestay_owner,advanced,ta,11,False,True,181.0,1.0,0.058823529411764705,web,poor
5ae08500df8a1884,homestay_owner,intermediate,mr,21,False,True,89.375,1.0,0.09836065573770492,ios,good
15eb8108933654de,farmer,advanced,en,23,False,True,228.33333333333334,0.88,0.047619047619047616,ios,good
da5c960431ae535d,plumber,intermediate,kn,11,False,True,113.0,0.94,0.043478260869565216,ios,poor
0ff59c648c0eaf4b,electrician,advanced,pa,0,False,True,78.0,1.0,0.0784313725490196,ios,good
6e400fd4d34d0114,mason,advanced,hi,4,False,True,180.0,0.84,0.07317073170731707,android,poor
9bbf79e4285f60d2,appliance_repair,beginner,gu,13,False,True,122.75,0.96,0.14893617021276595,web,poor
5ae236a7ac7df20f,homestay_owner,expert,mr,13,False,False,156.66666666666666,1.0,0.06382978723404255,ios,poor
811a8935b03fc2c9,welder,beginner,ta,0,False,False,240.83333333333334,0.62,0.1935483870967742,android,poor
caf6a1d4dfa97143,farmer,advanced,ta,21,False,False,146.33333333333334,0.92,0.06666666666666667,android,moderate
e0190a713cb75460,appliance_repair,advanced,hi,18,False,True,197.2,1.0,0.02,ios,poor
0197d5de279c618c,artisan,intermediate,kn,20,False,True,176.7,1.0,0.0196078431372549,ios,poor
12f0c14ad0dd6d08,appliance_repair,advanced,hi,0,False,False,221.83333333333334,0.94,0.2391304347826087,android,moderate
24fe302659bb028b,welder,expert,te,18,False,False,111.6,0.98,0.1276595744680851,ios,poor
ae82108cc21dca92,artisan,advanced,kn,19,False,False,153.0,0.86,0.06976744186046512,ios,moderate
3b4214d831e97ebc,homestay_owner,advanced,mr,12,False,False,135.4,0.84,0.07317073170731707,web,poor
ce584d2487806099,homestay_owner,beginner,mr,10,False,False,104.23076923076923,1.0,0.05357142857142857,android,good
973d6feefb16abbc,electrician,expert,kn,14,False,False,166.11111111111111,1.0,0.058823529411764705,ios,poor
7bf78259715d6b85,carpenter,expert,ml,5,False,False,116.5,0.96,0.10638297872340426,android,poor
61a97a3db2f19037,welder,intermediate,pa,11,False,True,257.0,0.84,0.125,android,poor
86486f8ee0ff04bb,mobile_repair,intermediate,ml,10,False,True,134.66666666666666,0.72,0.05714285714285714,ios,good
e836a6efa5cdfecb,mason,advanced,ml,6,False,False,98.25,1.0,0.03773584905660377,ios,good
be0367f905876011,plumber,advanced,ta,20,False,True,126.75,1.0,0.037037037037037035,android,good
cc8c7a8bce1f5522,electrician,intermediate,gu,13,False,True,160.875,1.0,0.09433962264150944,android,poor
af91eee661d592c7,mason,expert,te,5,False,False,179.66666666666666,1.0,0.1875,web,poor
83c27f4a64f23bed,homestay_owner,beginner,hi,13,False,False,203.14285714285714,1.0,0.10909090909090909,android,poor
66b4618c0c9a9b35,carpenter,beginner,hi,7,False,True,201.33333333333334,1.0,0.019230769230769232,android,poor
e70609580f839f47,mason,beginner,pa,14,False,True,169.66666666666666,0.8,0.02702702702702703,ios,good
fcd783b428ea087c,carpenter,advanced,ta,8,False,False,147.125,0.94,0.10869565217391304,android,poor
aa3852ec61d928b4,electrician,intermediate,hi,14,False,True,159.0,1.0,0.05660377358490566,android,poor
af3e1a28ce70d25d,artisan,expert,bn,3,False,False,193.33333333333334,1.0,0.09803921568627451,android,moderate
5a84797148a72458,electrician,expert,en,4,False,True,161.14285714285714,1.0,0.08928571428571429,web,poor
0722fcca6e073f64,carpenter,beginner,pa,20,False,True,192.0,0.94,0.06521739130434782,android,good
b64e66227763f9da,welder,beginner,ta,9,False,True,108.5,1.0,0.02,android,moderate
1d584f267c98c421,appliance_repair,intermediate,mr,18,False,True,132.0,0.78,0.05128205128205128,web,good
861bab0188bce323,homestay_owner,expert,gu,12,False,True,232.66666666666666,1.0,0.1076923076923077,ios,poor
1e85032b0c653dbd,appliance_repair,advanced,gu,7,False,True,155.14285714285714,1.0,0.02040816326530612,web,good
e26e9a0a159ee148,farmer,expert,bn,21,False,True,246.0,0.86,0.11627906976744186,android,moderate
7c57b8604d43a892,welder,intermediate,te,16,False,False,135.0,0.58,0.03571428571428571,ios,poor
dcd3211657c5fbb5,farmer,advanced,te,1,False,False,138.42857142857142,1.0,0.09433962264150944,android,good
4ba15e1a991f580c,plumber,expert,kn,17,False,True,122.125,1.0,0.057692307692307696,android,moderate
2e319fb04f550f1d,welder,beginner,pa,13,False,False,91.2,1.0,0.019230769230769232,ios,moderate
30354fcd5f128c27,electrician,advanced,ml,15,False,False,177.22222222222223,1.0,0.12244897959183673,ios,poor
7c54ca6a057d662c,carpenter,intermediate,pa,11,False,False,134.42857142857142,0.8,0.05263157894736842,web,moderate
de143e6c97d6a0c2,welder,advanced,ml,20,False,True,158.69230769230768,0.98,0.061224489795918366,web,good
